label,keyword,type,video_id,comment,author,likes,date
LOVE,حبيبتي,word,-1zlgFgWyiI,السلام عليك حبيبتي هذا المحل في اي مدينة وفين بالضبط الله بكل بالخير,@AhlanSahlan-k2x,0,2025-02-17T15:55:26Z
LOVE,حبي,word,-1zlgFgWyiI,حبيتك كتير بهذا الفيديو لقتي نظري لأفكار مهمة ❤❤❤,@منتهىالشيخ-و3ل,0,2024-09-04T07:44:41Z
LOVE,حبيبتي,word,-1zlgFgWyiI,ماشاء الله اجواء رائعة و جميلة جدا الله يكمل عليهم يا ربي بالرزق والتيسير بالتوفيق حبيبتي,@artstraditionnels9632,0,2023-12-08T10:54:30Z
LOVE,حبيبتي,word,-1zlgFgWyiI,"مبروك على العرسان والله يكمل عليهم بالخير واليمن والبركات ❤ 
ومتنسايش حبيبتي تشاركي معانا أجواء الخطبة والعرس ❤",@SamarSamar-ef8vi,2,2023-12-08T07:10:29Z
LOVE,الحب,arabic,TLf7wGzmQ1w,جربتها أول مرة هادي سنتين وكانت عندي مناسبة ديال التسوية القانونية ديال والدتي ودخلو عندي الحباب والحد الآن مكنشي ليما سولني عليها وشكروها  وكعيطولي نوجدهالهم فمنسباتهم والله العظيم,@SouadElhaimoudi,0,2025-11-08T10:17:32Z
LOVE,حبيبتي,word,TLf7wGzmQ1w,السلام عليكم ورحمه الله وبركاته آلله إحفضك حبيبتي لينا جربتها جات واعرة كتحمق ربي حفضك ونجيك ربي من كل شر,@soumasouma6556,1,2025-07-03T21:18:12Z
LOVE,غالي,word,TLf7wGzmQ1w,والله حتى جربتها الله يعطيك الصحة وخا كتقام غالية شويا ولكن احن ماتشريها غلاااا عطاك الله صحة,@AhlamFakiri-w5f,0,2025-03-20T10:09:53Z
LOVE,حبي,word,TLf7wGzmQ1w,اللهم صلي وسلم على سيدنا وحبيبنا محمد.,@ikrameikrame6501,0,2025-03-01T16:13:25Z
LOVE,حبي,word,TLf7wGzmQ1w,شكرا حبيبة درتها فالعراضة كلشي شكرها ليا ❤❤❤❤❤❤❤,@MalikaMalikaa-lj4cq,0,2024-12-21T20:55:04Z
LOVE,حبيبتي,word,TLf7wGzmQ1w,الكلامار كيطيب ف5 دقايق غير عندك انت ا حبيبتي.. درت بنصيحتك وبقى ليا كيما هوا,@MissRoliita,0,2024-08-01T14:18:07Z
LOVE,حبيبتي,word,TLf7wGzmQ1w,وقتما بغيت نصايب بسطيلة كندخل نتفرج فقنوات ديال تريتور ولا شيفات كبار وشي كيزيد اابصلة شي كيكثر ليصوص باش يبنن وكنرجع لحبيبتي حليمة الفيلالي وصفة تقليدية وبنينة وعمرها تخطاني ❤❤❤❤❤,@houdadakhla6482,0,2024-07-29T15:33:23Z
LOVE,غالي,word,TLf7wGzmQ1w,بنات لي جرّبوها قولو صراحة راه تقدية غالية 😂,@fatimazahraachraa869,1,2024-03-13T23:51:50Z
LOVE,عيني,darija,TLf7wGzmQ1w,مشالله عليك كل وصفاتك كتصدق كنديرهم بعينيا مغمضين و أنا واثقة انهم غيجيو رائعين برافو بالك حليمة 🫶🏻🫶🏻,@ImaneBaldi,1,2024-03-13T20:04:59Z
LOVE,حبيبتي,word,TLf7wGzmQ1w,جربتها جات وااااعرة بدون فطر اسود والمعلب في بلاصتهم زدت غير الحوت شكرا بزااف ابدعتي حبيبتي ومزيدا من التألق والنجاح,@hamzamj6754,14,2023-06-04T23:23:11Z
LOVE,حبيبتي,word,TLf7wGzmQ1w,تبارك الله ماشاء الله عليك جات لذيذة ورائعة بالتوفيق حبيبتي,@nabilaoussaid3487,2,2023-03-11T17:05:47Z
LOVE,الحب,arabic,TLf7wGzmQ1w,الله يعطيك الصحة الحبيبةديالي جربتها جات روووووعه ولديدة ماشاء الله عليك,@mohamedmidiaf9,3,2023-03-07T17:10:00Z
LOVE,غالي,word,TLf7wGzmQ1w,تبارك الله عليك اختي العزيزة الغالية 🌹🌺🥰,@hassnahmidouch,0,2023-01-24T23:30:34Z
LOVE,غالي,word,TLf7wGzmQ1w,اختي العزيزة الغالية,@hassnahmidouch,0,2023-01-21T23:50:07Z
LOVE,حبي,word,TLf7wGzmQ1w,شكرا حبيبة ديالي الله يرحم الوالدين اليوم جربتها و لأول مرة وصدقات لي فرحت و كلشي عجباتو شكرا مرة اخرى,@majdaoualialami2403,4,2023-01-14T16:56:47Z
LOVE,عشاق,word,TLf7wGzmQ1w,من عشاق البسطيلة  بالحوت 😍🤤تبارك الله عليك باينة بنينة الله ايعطيك الصحة سعدات الضياف اللي كلاوها ☺️☺️,@fouziaramdani7316,33,2022-10-30T19:19:09Z
LOVE,عشاق,word,TLf7wGzmQ1w,ماشاء الله عليك اختي أنا مشي من عشاق السمك والكين بهاد لبسطيلة تاعتك غانولي من عشاق👍,@lailamarjouan7091,2,2022-10-10T12:12:11Z
LOVE,حياتي,darija,L_MKlTeZdl0,اللا حليمة الغزالة بغيت نكتب واحد كلمة شكر فحقك ونتمتى تقرايها معمري فحياتي نسا خيرك كنت تزوجت زواجي الاول على 18ans عام و مكنت كنعرف والو و الفضل كلو من بعد الله كيرجع ليك هادشي من 2018 اول خاجة طيبتها هي سباكتي و بديت كنتعلم من عندك تا وليت طيابي واعر كيتعطى بيه المثل فالعائلة و درت بسطيلة ديالك ديال دجاج ودرت كلشي كنت متتبعة جد وفية ودبا زاد جاني الحنين لقناتك وصفاتك البنات تبعو وصفات حليمة راك تبارك الله عليها والله يفرحك ويجعل لك هادشي صدقة جارية ان شاءالله والله يرزقك الصحة و طول العمر اللا حليمة الغزالة مزالا فصباغتك الله يسهل عليك,@Khaoulanadoumi,0,2026-04-06T06:01:14Z
LOVE,الحب,arabic,L_MKlTeZdl0,"درتهم نهار العيد مشاء الله تبارك الرحمن .... شكرا جزيلا سيدتي الفاضلة حليمة الفيلالي ... دائما 
وصفاتك كنديرهم وكيصدقوووا لي 
كل الحب والتقدير لحضرتك 🙏💖🙏💖😋🙏💖😋
وفصباح غادي نعاودهم خارجين للطبيعة ... تحياتي وتقديري",@elgoumrirachida6780,0,2026-04-03T23:55:31Z
LOVE,الحب,arabic,L_MKlTeZdl0,الله يعطيك الصحة اختي الحبيبة ❤,@mounyajouri,1,2026-03-27T16:31:30Z
LOVE,حياتي,darija,L_MKlTeZdl0,تحياتي من ألمانيا الأخت حليمة تبارك الله عليك ❤❤❤❤❤🙏🙏🙏🙏🙏,@latifaamou8121,1,2026-03-16T09:49:13Z
LOVE,حبيبتي,word,L_MKlTeZdl0,شنو هو دور اللبن في الكيكة   احبيبتي  ❤,@BouchraKarim-c9z5c,1,2026-03-15T22:48:54Z
LOVE,غرام,arabic,L_MKlTeZdl0,من فضلك مقياس الكاس باالغرام,@mktetouan8601,1,2026-03-15T22:05:47Z
LOVE,أحبك,arabic,L_MKlTeZdl0,كنت محتاجة نشوف هاذ النوع من الكيكات الله يعطيك الصحه والعافيه أحبك في الله حليمة الفيلالي,@MarWa-ow6hz,2,2026-03-15T18:37:46Z
LOVE,عيني,darija,L_MKlTeZdl0,تبارك الله عليك اختي حليمة انا من المتتبعات الوفيات ديالك وصفاتك كنديرهوم بعيني مغمضين ❤❤❤,@ديماالجديد123,4,2026-03-15T15:47:57Z
LOVE,حبيبتي,word,L_MKlTeZdl0,تبارك الله ماشاء الله حبيبتي ❤ضروري نجربهم شكرا لكتلبي طلباتنا الله يعطيك الصحه حبيبتي ❤,@FarahNabil-i4r,1,2026-03-15T14:51:04Z
LOVE,حبيبتي,word,L_MKlTeZdl0,تبارك الله عليك حبيبتي واش ممكن ندير في مكان فرماج كريمة السائلة❤,@NabilaAvsar,1,2026-03-15T14:06:11Z
LOVE,عيني,darija,L_MKlTeZdl0,غانوض نجربهم دبا دبا وبعيني مغمضين.. كيجيو عندنا ناس حيت الوليدة عاملة عملية جراحية.. الله يشافيها يارب وبغيت نوع لهم في طابلة ...  لآلة حليمة كل شي وصفاتك كيصدقو لي الحمد لله ❤ الله يجازيك بخير.. وعواشركم مبروكة 🎉🎉,@majidaabir6063,88,2026-03-15T13:48:02Z
LOVE,حبيبتي,word,L_MKlTeZdl0,مبدعة كالعادة يعطيك الصحة حبيبتي ❤❤❤,@kheddarnadia2137,0,2026-03-15T13:31:42Z
LOVE,عمري,darija,b0DdeofxFoc,اليوم دارت بنتي الرغايف معمرين فالفران ديالك جاو ياسلام شكرا الأخت حليمة,@FatiFati-h5w3h,1,2026-02-23T23:21:10Z
LOVE,حبيبتي,word,b0DdeofxFoc,الله يعطيك الصحة حبيبتي تبارك الله عليك روووووعة ❤❤❤❤❤,@naimakst2874,1,2026-02-11T18:43:53Z
LOVE,عيني,darija,b0DdeofxFoc,السلام عليكم ورحمة الله وبركاته أشهد ان لا إله إلا الله وحده لا شريك له له الملك وله الحمد وهو على كل شيء قدير وأشهد أن محمدا عبده ورسوله صلى الله وسلم وبارك عليه وعلى آله وأصحابه أجمعين بسم الله الرحمن الرحيم أخيتي علينا ان نتقي الله في قلوبنا وفي صلاتنا ونصبر ونرضا ولا نستعجل ولا تغفلي لا تغفلي لا تغفلي أبدا عن ذكر الله سبحانه وتعالى العمر فرصة قصيره مثل لمح البصر أغتنمي عمرك بطاعة الله عز وجل أحرصي على ما ينفعك واستعيني بالله سبحانه وتعالى تعلمي دين الله سبحانه وبحمده ولا تغفلي عن الموت الموت يأتي فجأه وأكثري من الإستغفار الله يبارك فيكي ويوفقك لما يحبه ويرضاه ويثبتك ويسعدك سلام عليكم ورحمة الله وبركاته,@AmeedAmeedd-r1n,2,2026-02-09T18:04:08Z
LOVE,حياتي,darija,b0DdeofxFoc,تبارك الله عليك شاف واعرين وزونين ماشاء شهوة منهم شهتينا تحياتي لك اختي,@FatihaHammou-u6m,0,2026-02-09T16:22:26Z
LOVE,حبيبتي,word,b0DdeofxFoc,شكرا  حبيبتي   2026,@AnisMed-tc5qw,0,2026-02-09T15:05:05Z
LOVE,حبي,word,b0DdeofxFoc,في امكانية لطريقة ورق البسطيلة ❤❤ تحطي لنا الطريقة  بتسمحي حبيبة قلبي,@tyuty-b3u,1,2026-02-09T15:00:28Z
LOVE,غالي,word,b0DdeofxFoc,زين الغالي 🌹,@AeelMzyan,0,2026-02-09T14:58:13Z
LOVE,حبيبتي,word,b0DdeofxFoc,الله يعطيك الصحه حبيبتي ❤❤❤❤,@FarahNabil-i4r,0,2026-02-09T14:54:34Z
LOVE,حبي,word,FbxJsCGKeho,كتجيني العجين فيها حبيبات ولكن ملي كتطيب مكتبانش تكجي مورقة,@KhadijaID-nr3bs,0,2026-02-22T13:17:39Z
LOVE,حياتي,darija,FbxJsCGKeho,مع حليمة الفيلالي ديما ديما ضاحكين ههههه ناس 2025 تحياتي ليكم,@souads_kitchen,2,2025-03-21T17:21:21Z
LOVE,حبيبتي,word,FbxJsCGKeho,وصفة ناجحة مليون بالمئة شكرا حبيبتي,@RtTr-l5b,1,2025-03-20T19:20:23Z
LOVE,حبيبتي,word,FbxJsCGKeho,شكرا بزززاااف حبيبتي حليمة المبدعة الفنانة ديالنا، الله يجازيك بالخير ويبارك ليك فكل حاجة درتي فيها يديك، الله يعطيك الصحة على الشهيوات ديالك ❤️😍🙏 صاوبت هاد ليشونصو جاو غزالييين 😍 أنا درت ليهوم طون ديال ماطيشة 🤩,@naimakared7605,0,2024-04-09T20:42:21Z
LOVE,عيني,darija,FbxJsCGKeho,الله ياربي هادشي زوين والاكين الدرويش ولا كيمتع غير عينيه لا حول ولاقوة إلا بالله العلي العظيم 😔😔😔🥲,@Anaur947,0,2023-04-07T14:17:54Z
LOVE,حبيبتي,word,FbxJsCGKeho,جربتها جات واااعرة وعجبات مالين دار شكرا حبيبتي💜💜,@khadijadija2966,2,2023-04-04T14:04:57Z
LOVE,عيني,darija,FbxJsCGKeho,الله يعطيك الصحة  وصفاتك كنتبعهم بعينيا مغمضين ❤,@hdvdjvd2216,1,2023-04-01T15:57:46Z
LOVE,حياتي,darija,FbxJsCGKeho,جربوهم البنات عمري ف حياتي دقت بحال هاد شوصون عرفتو بنييييييييين بنين اخوتي غير جربوهم شكرا حليمة,@smlalisamar4439,23,2023-03-25T22:55:42Z
LOVE,الحب,arabic,FbxJsCGKeho,سيري يا حليمة الله يعطيك الرضى، جربتهم اليوم لولدي طلبوهم ليا ودقات لي نصف ساعة للمغرب، وقلت  حليمة الفيلالي هي اللي تعتقني، وطرت مع الطيور، والله جاوا فنين شهادة حق، شكرا بزاف الحبيبة، تحية لك من هولندا🥰👍🌷🇲🇦,@tulipebleu5774,1,2022-04-13T19:23:42Z
LOVE,حبي,word,FbxJsCGKeho,"شكرا على الوصفة
أختي راه القهوة سريعة الذوبان فيها مادة خنزيرية و هاد المادة هي لي كاتخلي حبيبات القهوة مايتلاسقوش مع بعضهم",@basmasaada5328,0,2022-04-13T12:39:19Z
LOVE,الحب,arabic,FbxJsCGKeho,شكرا الحبيبه ديالي تبارك الله عليك جزاكي الله خيرا غاليتي,@rihab199,0,2022-04-11T08:51:12Z
LOVE,حبيبتي,word,FbxJsCGKeho,جربتهم اليوم واو واو روعه الله يعطيك الصحه حبيبتي 😋🥰🥰🥰,@اجملطبخاتبسيطه,0,2022-04-06T22:02:09Z
LOVE,غالي,word,FbxJsCGKeho,"الله يعطيك الصحة انا عاد كتاب نجربهم اليوما للفطور جاو واعرين, الوليدات حماقو عليهم فبلاصت الطون درت الكفتة والشعرية الصينيه جاو بنان الله احفضك أختي الغالية",@latifahafid1849,0,2022-04-06T20:28:03Z
LOVE,حبيبتي,word,FbxJsCGKeho,شكرالك حبيبتي رمضان مبارك عليكم,@souadajbir6831,0,2022-04-05T13:49:42Z
LOVE,الحب,arabic,FbxJsCGKeho,الله يحفظك و ينجيك انت و اشغالك تتبرد القلب في اشغالك و من ناحية التفسير  اقبلك الف قبلة  الله المعين الحبيبة,@n.l4197,0,2022-03-21T09:52:12Z
LOVE,حبيبتي,word,FbxJsCGKeho,مرحبا حبيبتي  ممكن  زبدة  التوريق هذه متوفرة عندي  كتير و شكرا جزيلا,@doctorphone4854,0,2021-06-14T20:29:59Z
LOVE,حبيبتي,word,FbxJsCGKeho,مرحبا حبيبتي مشالله وصفة رائعة مبدعة مزيدا من التقدم والنجاح الدائم  ممكن  اسوي  زبدة  التوريق  هذه  متوفرة  عندي  و بكمية كبيرة,@doctorphone4854,0,2021-06-11T19:12:20Z
LOVE,عمري,darija,FbxJsCGKeho,لهلا اخطيك علينا اختي حليمة الفيلالي الحمد الله تعلمت شحال من حاجة غير من عندك وماعمري تحشمت بشهيوات ديالك  كولهم زوينين مشاء الله وأنا من متتبعات ديالك من إيطاليا,@halimaitalia641,0,2021-05-06T13:35:23Z
LOVE,عمري,darija,FbxJsCGKeho,لهلا اخطيك علينا اختي حليمة الفيلالي الحمد الله تعلمت شحال من حاجة غير من عندك وماعمري تحشمت بشهيوات ديالك  كولهم زوينين مشاء الله وأنا من متتبعات ديالك من إيطاليا,@halimaitalia641,0,2021-05-06T13:35:13Z
LOVE,نموت عليك,expression,FbxJsCGKeho,نموت عليك يا أختي حليمة أختك من الجزائر جربتهم اليوم جاو روعة بزاف الله يعطيك ما تتمنى.. 😍,@أمحفصة-ل8ه,0,2021-05-06T08:27:29Z
LOVE,حبي,word,FbxJsCGKeho,اختي حليمه حبيت اشكرك بالزاف بالزاف جربت الوصفه وجتني هائله جميله جدا اول مره تعجبني وشلون,@hasnaebenyechou498,1,2021-05-02T13:08:38Z
LOVE,حياتي,darija,FbxJsCGKeho,سلام  جربتهم جاو مزونين غير هما شوية جاو مكرملين حيت الجو بارد والماء بارد وكيدارو فالتلاجة واش ممكن نعجنهم بالماء الصنبور تحياتي لشاف حليمة,@fatifes1836,0,2021-04-26T03:19:46Z
LOVE,أحبك,arabic,FbxJsCGKeho,ماشالله عليك لالة حليمة.. جربتهم كايحمقو العجينة مورقة ودرت الكفتة بلاصت الطون رااااائعين وتكالو كاملين فالفطور .. الله يخلي ليك صحيحتك.. وحتى الفيديو ديال عجينة بيتزا.. العجينة خيالية وراجلي قاليا حسن من ديال برا .. أحبك في الله الغزالة,@safaeettazi3476,13,2021-04-23T08:52:00Z
LOVE,الحب,arabic,c2tvGA9BDQ4,2026 ديما حليمة الحبيبة رمضان برعاية البطبوط,@HidAya-l5c,3,2026-02-15T13:10:13Z
LOVE,الحب,arabic,c2tvGA9BDQ4,كل رمضان ندخلو نقلبو على الشهيوات اللهم صل وسلم على الحبيب المصطفى,@ilyanamrd6724,0,2025-03-01T11:44:06Z
LOVE,حياتي,darija,c2tvGA9BDQ4,انمشي نجربها وخا معمرني عجنت فحياتي,@CastorCastor-n3i,1,2025-02-23T10:27:43Z
LOVE,حياتي,darija,c2tvGA9BDQ4,شكرا جزيلا سيدتي الفاضلة  لك كل  الشكر والتقدير على ما تقدميه  تعلمت الكثير  كل ناجح ماءة في الماءة ربنا يحفظك ويرعاك ويعطيك الصحة والسعادة انت وعاءلتك  . تحياتي من مغربية  مقيمة بنيس ❤❤❤❤❤❤❤❤❤❤🎉🎉🎉🎉🎉🎉🎉,@kariabde2786,0,2025-01-30T19:00:56Z
LOVE,غالي,word,c2tvGA9BDQ4,اختي راكي غالية من زمان ولكن علااااش انا مزال ما كيجيني منفوخ البطبوط تباارك الله عليييك.... انا مبتدئة ومزاال كتجيني صعيييبة الكوزينك,@اللهماشفنيواشفعبادكالمسلمين,0,2025-01-15T20:10:56Z
LOVE,حبي,word,c2tvGA9BDQ4,"[22/09 à 21:51] null: ⬅️ *أن الورد الذي ينبغي أن يحافظ عليه المسلم كل يومٍ وليلة* فيما يتعلق بهذه الطاعة الصلاة أربعون ركعة ، وهذه الأربعون ينبغي أن تكون وردًا ثابتًا للمسلم كل يوم وليلة إلى أن يتوفاه الله لا يفوِّت هذه الأربعين ، وإن زاد عليها فهو خير من النوافل المطلقة أو المقيدة ، لكن عليه أن يحافظ على هذه الأربعين وردًا يوميًا في أيامه ولياليه ، وكما قال ابن القيم رحمه الله : «فَيَنْبَغِي لِلْعَبْدِ أَنْ يُوَاظِبَ عَلَى هَذَا الْوِرْدِ دَائِمًا إِلَى الْمَمَاتِ، فَمَا أَسْرَعَ الْإِجَابَةَ وَأَعْجَلَ فَتْحَ الْبَابِ لِمَنْ يَقْرَعُهُ كُلَّ يَوْمٍ وَلَيْلَةٍ أَرْبَعِينَ مَرَّةً» ؛ وهذا القرع للأبواب -أبواب الرحمة والفوز والرضوان- بهذه الركعات العظيمة والخضوع والتذلل لله سبحانه وتعالى في أيام المرء ولياليه .
[22/09 à 21:52] null: *والأربعون التي أشار إليها هذان الإمامان هي :*

🎀أولًا وهو أعظم ما يكون *سبع عشرة ركعة هذه المكتوبة* ؛ العشاء أربع ، والفجر اثنتان ، والظهر أربع ، والعصر أربع ، والمغرب ثلاث . فهذه سبع عشرة ركعة .

🎀 *واثنا عشرة ركعة* هي النوافل الرواتب والتي جاءت في حديث أم حبيبة في صحيح مسلم ((مَا مِنْ عَبْدٍ مُسْلِمٍ يُصَلِّي لِلَّهِ كُلَّ يَوْمٍ ثِنْتَيْ عَشْرَةَ رَكْعَةً تَطَوُّعًا غَيْرَ فَرِيضَةٍ إِلَّا بَنَى اللهُ لَهُ بَيْتًا فِي الْجَنَّةِ )) ، وزاد الترمذي ((أَرْبَعِ رَكَعَاتٍ قَبْلَ الظُّهْرِ، وَرَكْعَتَيْنِ بَعْدَهَا، وَرَكْعَتَيْنِ بَعْدَ المَغْرِبِ، وَرَكْعَتَيْنِ بَعْدَ العِشَاءِ، وَرَكْعَتَيْنِ قَبْلَ الفَجْرِ)) ، وهذه سنن رواتب ، وهذه السنن الرواتب مرتبطة بالصلوات المكتوبة ، منها قبل الصلاة في بعضها ، ومنها بعد الصلاة ، والظهر لها سنة قبلية وبعدية . فسبع عشرة ركعة المكتوبة واثنتا عشرة ركعة هذه الرواتب يكون المجموع تسع وعشرين ركعة .

🎀 فإذا أضفت لها *صلاة الليل* ، والنبي عليه الصلاة والسلام ما زاد على إحدى عشرة ركعة ؛ فهذه أربعون ركعة .

 وينبغي أن يحرص المسلم على هذه الأربعين وردًا يوميًا يحرص أن لا ينقص منها وإن حصلت الزيادة فهذا خيرٌ إلى خير ونورٌ إلى نور ، لكنه ينبغي أن يثبِّت هذا الورد بحيث يكون وردًا يوميًا يكون له في أيامه ولياليه.

 *📚الشيخ عبد الرزاق البدر حفظه الله*",@SafwaneZirdane03,0,2024-10-01T19:53:38Z
LOVE,عيني,darija,c2tvGA9BDQ4,وااعر البنات غا جربوه بعينيكم مغمضين واخا تكونو عمركم ما درتوه ..درتو ليوما ونجح من اول تجربة رطب مفشفش خاوي من الوسط فن ماشاء الله دبا انا غنعتمد على الوصفة ونبقا نديرو بطيببطات كبار,@xiaobetty440,1,2024-08-01T19:03:18Z
LOVE,عمري,darija,c2tvGA9BDQ4,مش كتعمري,@Fatima-ly8pt,0,2024-03-29T15:54:25Z
LOVE,حبي,word,c2tvGA9BDQ4,نسلم ايدك حبيبتى ربنا يوفقك ويسعدك ويفرح قلبك يارب العالمين ❤❤❤❤❤❤,@nabilahussien,0,2024-03-16T10:24:03Z
LOVE,نحبك,arabic,c2tvGA9BDQ4,نحبك,@KachaJalil-uq5po,0,2023-03-26T14:32:22Z
LOVE,حبي,word,hgvgxiEA7vQ,شكرا أبنتي لحبيب على الشرح المبسط,@comptecompte8118,0,2025-06-23T14:51:29Z
LOVE,غرام,arabic,hgvgxiEA7vQ,انا غير زوفري عزيزة عليا كوزينة ، كاندير بسطيلة صغيرة ديالي بوحدي ، فيها كالمار و سيبيا و كروفيط و ميرلا و كوربينا و سنور و فانيكا و ازايز ( اخطبوط ) و الغامبا ، 150 غرام من كل حاجة ، كا نصايبها فدار و كا نديها لفران ديال الزنقة يطيبوها .,@ريان-ض6ع,2,2025-04-16T16:00:00Z
LOVE,حبيبتي,word,hgvgxiEA7vQ,الله يحفظك ماشاءالله تبارك الرحمن حبيبتي الغالية بصاحتك الرقي ملكة اليوتيوب ❤❤❤❤,@lalazahraboumaiz5454,0,2025-03-18T12:53:11Z
LOVE,عاشق,arabic,hgvgxiEA7vQ,ماشاء الله تبارك الرحمن انا مغرم وعاشق للمغرب واهله البلد المظلوم سياحيا يا سلام حبيت النظافه وحبيت الترتيب وايضا الطبق نفسي اجربه البلد الوحيد اللى فارق في كل شيء في افريقيا  حب كبير لكم 🫶,@فهدبنسعد-ش3ر,9,2024-03-24T12:43:58Z
LOVE,عيني,darija,hgvgxiEA7vQ,تبرك الله عليك انا خصني نطيبها لغدى حيت نقلب عليها عدك غندرها بعينيا مغمدين,@holmymaryam2478,0,2024-02-28T12:39:15Z
LOVE,حياتي,darija,hgvgxiEA7vQ,الله يعطيك الصحة تحياتي,@mohamedtazaani1585,0,2024-01-03T18:12:28Z
LOVE,حياتي,darija,hgvgxiEA7vQ,الله يعطيك الصحة تحياتي,@mohamedtazaani1585,0,2024-01-03T18:12:01Z
LOVE,حبيبتي,word,hgvgxiEA7vQ,تبارك الله عليك حبيبتي الله يعطيك الصحه والعافيه ان شاء الله يدوم التواصل بيننا ❤,@جوهرةمكناس,0,2023-12-11T22:26:16Z
LOVE,حبيبتي,word,hgvgxiEA7vQ,ماشاء الله عليك حبيبتي,@user-rim311,0,2023-12-10T15:10:12Z
LOVE,بغيتك,expression,hgvgxiEA7vQ,تبرك الله عليك من فظلك إلا بغيتك توجدي ليا بحال هاد بسطيلة ثمن شحال وشكراً,@aicharaki-ww7vb,0,2023-12-07T16:54:33Z
LOVE,حبيبتي,word,hgvgxiEA7vQ,مشاء الله عليك حبيبتي. الله يعطيك الصحة,@innocenteinnocente6914,0,2023-11-23T14:28:14Z
LOVE,حبيبتي,word,hgvgxiEA7vQ,كلشى مزيان ولكن الجبن لا محلا له في الاعراب الجبن مع السمك لا يحبيبتي ليس صحي الاحظ ان غالب القنوات  تستعمل الجبن  مع السكمك لكن هذا غلط فادح  في الطبخ المغربي وحتى غي الطبخ الاربي او الاسيوي هذا غلط,@elmourabitbaadi6377,0,2023-11-13T22:26:47Z
LOVE,حبي,word,hgvgxiEA7vQ,تبارك الله عليك احبيبه ما شاء الله كي شفنا كانخليوك خيتي الثمن كاع ما قلتيش لنا الثمن هكا باش نستافدوا,@nadaWaradi,0,2023-10-07T22:14:34Z
LOVE,نموت عليها,expression,hgvgxiEA7vQ,الله يعطيك الصحة تنموت عليها ولكن سكرنا ليها هي😢شوف😂😂 كلناها هي عند الناس,@NouraBilal-t2n,0,2023-07-24T16:19:44Z
LOVE,حياتي,darija,hgvgxiEA7vQ,الله يسلم اديك تبارك الله عليك تحياتي لكي وتقديري ماشاء الله للا وجات عليك,@mahabounnit4594,0,2023-04-28T13:48:44Z
LOVE,عشاق,word,hgvgxiEA7vQ,ماشاءالله تبارك الرحمن ، بجنن شكلها يعطيكي الف عافية ، انا فلسطينة بس من عشاق البسطيلة,@soso8782,4,2023-02-15T01:15:07Z
LOVE,غالي,word,hgvgxiEA7vQ,ماشاء الله على بنت بلادي تبارك الرحمان مشاركة جديدة تفرحي القلب اختي شعال سهلتي العمل إنتاعها مشكورة ياغالية,@rachidabourass1556,0,2023-02-10T21:05:35Z
LOVE,حبيبتي,word,hgvgxiEA7vQ,تبارك الله عليك حبيبتي مزيدا من التالق😘🇲🇦👍,@karibelabbar1840,0,2023-02-01T16:01:24Z
LOVE,حبيبتي,word,hgvgxiEA7vQ,تبارك الله عليك حبيبتي طريقتك زوينة ساهلة الله يعطيك الصحة,@khadijabenbirat6183,0,2023-01-17T09:50:27Z
LOVE,بغيتك,expression,hgvgxiEA7vQ,سلام عليكم إلا كان ممكن نتواصل معاك بغيتك تصايبها ليا طلب ( 3  )البسطيلات محتاجهم في  7شهر 1,@lailacherif4276,0,2022-12-31T01:19:01Z
LOVE,حبيبتي,word,hgvgxiEA7vQ,عطاك الله الصحة حبيبتي كلشي عندك مثل مزيد من العطاء والتالق,@linazouhair2747,1,2022-12-10T21:43:07Z
LOVE,أحبك,arabic,hgvgxiEA7vQ,تحيات لك تيما ألله ينور طريقك تستهل تشجيع وألف لايك بالورد ولقلب 🌹❤️🌹❤️🌹❤️🌹❤️كل ما تتقدم تاي شاهي👍😋👍أحبك في الله 🥰,@faidaelhassanin4443,0,2022-11-17T04:05:31Z
LOVE,غالي,word,hgvgxiEA7vQ,اشاء الله هادشي غزال ولكن غالي بزاف,@غيرفكركوانطلق,0,2022-11-09T08:47:28Z
LOVE,حبي,word,hgvgxiEA7vQ,تبارك الله عليك حبيبة,@bouchraelasmar9302,0,2022-11-06T20:32:52Z
LOVE,حبيبتي,word,hgvgxiEA7vQ,الله يعطيك الصحة حبيبتي top,@fatimabikerouane6499,0,2022-11-03T22:14:46Z
LOVE,الحب,arabic,hgvgxiEA7vQ,تبارك الله اختي الحبيبة احبك في الله ❤❤❤❤❤❤❤,@aichatv2457,0,2022-10-19T18:56:20Z
LOVE,حبيبتي,word,hgvgxiEA7vQ,ماشاء الله تبارك رحمن حبيبتي الله يعونك ويرزقك صحة وسلامة,@ouaznalaslaa3473,0,2022-10-19T13:38:08Z
LOVE,حبي,word,hgvgxiEA7vQ,تبارك الله عليك حبيبة، ديري لينا جولة في الصالون بلييز,@Sarasara-hh3vm,0,2022-10-12T21:07:46Z
LOVE,حبيبتي,word,hgvgxiEA7vQ,ماشاءالله عليك  وصفاتك غزالة فالمنظر وبالتاكيد اللذة غتكون لا يعلى عليها. مغربية وقادة. الله يوفقك حبيبتي,@fatimaagadir456,2,2022-09-26T14:20:55Z
LOVE,حبيبتي,word,hgvgxiEA7vQ,صباح الخير حبيبتي وصفاتك رائعة بالتوفيق والنجاح انشاء الله عيطك الصحة 👍👍👍👍❤,@rachidalekhel3842,0,2022-09-23T07:48:31Z
LOVE,حبي,word,hgvgxiEA7vQ,اسلوب الكلام رائع و الوصفة اروع تبارك الله عليك حبييييييت,@امةالله-ح7ث8ه,0,2022-09-20T16:14:12Z
LOVE,عاشق,arabic,hgvgxiEA7vQ,"السلام عليكم، متابعة من الجزائر و عاشقة للطبخ المغربي 💖
الله يعطيك الصحة و يبارك فيك 👌 راكي مهبلتني 😍😍😍
تابعت كل فيديوهاتك و اليوم أول تعليق لي 🌺🌺
تحية مني ليك و لكل الأخوات المغربيات 💖💖💖",@violetemma5576,10,2022-09-16T16:52:23Z
LOVE,حبيبتي,word,hgvgxiEA7vQ,ما شاء الله عليك حبيبتي  وصفاتك راءعة  أنا من المتتبعات الوفيات لك دمت متألقة يا أغلى تيما ❤️❤️😘😘🇲🇦🇲🇦,@samiaberchid465,0,2022-09-14T12:16:20Z
LOVE,نحبك,arabic,21Z-LDGVZ2w,أحلام بغيت نقولك بلي أنا شبيهتك من الجزائر 🇩🇿 ڨاع ناس يشبهوني بيك ❤و بغيت نقولك بلي نحبك بزااف وسلميلي على وليداتك و خالتو عويشة لبونينة لحنينة لكبيدة زبيدة وليت مبليت بفديوهاتك زونين  مكرهتش تجاوبيني 💞💋,@فاطمةالزهراء-ج5ذ6ع,0,2026-04-18T16:40:07Z
LOVE,نحبك,arabic,21Z-LDGVZ2w,ختي أنا كنحبك ❤❤❤❤❤❤ وا عباد الله راه كنحبك ، كنحس بيك بحال ختي وكتهدري معنا  بحال خواتتك,@YoussafYoussaf-z5n2s,0,2026-04-18T16:39:30Z
LOVE,حبيبتي,word,21Z-LDGVZ2w,احلام حبيبتي انا متابعة قديمة وبغيت نفكرك بصلاة احلام صلاة ثم صلاة حتى ماكيش قادرة ولا كتتسناي حتى تتحجبي ولاحتى تحبسي اليوتيوب الدنيا راهي قصيرة عمري والله امنيتي كلنا نتلاقاو في جنة ان شاءالله وشكرا❤,@HiBaHaDef-dz5qh,1,2026-04-18T16:37:08Z
LOVE,كنبغيك,darija,21Z-LDGVZ2w,عفاك شنو سميت الكتكوت الصغير❤❤❤❤❤❤❤❤ ❤كنبغيك,@fatimazahra-f2b6m,0,2026-04-18T16:29:31Z
LOVE,كنبغيك,darija,21Z-LDGVZ2w,أحلام خودو نيتينا وحكيم شي كادو نماماك حتا هي مسكينة تعبات معاكم خصوصا فديك الفترة اللي ولدتي فيا ❤❤❤❤❤كنبغيك نتينا وعائلتك اللي متافق معايا يدير قلب ولا رفعو تعليق ❤❤❤❤❤,@3aixaLachiri,5,2026-04-18T16:28:27Z
LOVE,حبي,word,21Z-LDGVZ2w,انا جزائريه وهدي ثالث مرة نتفرج المحتوى نتاعك بغيت نقلك حبيتك بزاف وراني كل ما نشوف اشعار فيديو جديد نفرح بزاف لانك انسانه عفوية ومحتواك دافئ ونفس الوقت ممتع ربي يحفظلك وليداتك وزوجك وبالتوفيق عزيزتي☺️💕🫶🏻🌸🌸🌸🌸🌸🌸,@Astira888,9,2026-04-18T16:22:46Z
LOVE,نحبك,arabic,21Z-LDGVZ2w,"احلام البالكون لي درتي فيه الكرسي تاع الرضاعة ديري فيه هاذيك الفيوزة تاع الضو الطويلة لي خفتي وليدك يطيحها 
و البالكون لي درتي فيه الطابلة ديري فيه هاذوك الأضواء تاع رمضان يجو بزاف شابين و زيدي ديري شواية تاع اللحم يجو أجواء هايلين 
و نحبك من الجزائر ❤",@JijiMimi-d9w,0,2026-04-18T16:18:35Z
LOVE,je t'aime,french,21Z-LDGVZ2w,ناري ياربي احلام متعتازلش غادي نتوحشها بزاف 😢 بقاي معانا راك كتفوجي علينا ❤❤ je t'aime 💓😍,@asiaazer8069,0,2026-04-18T16:14:08Z
LOVE,غرام,arabic,21Z-LDGVZ2w,جيت من انستغرام ضرني راسي 😂😂😂😂,@fatimaktatbi4861,4,2026-04-18T16:07:42Z
LOVE,حبيبتي,word,21Z-LDGVZ2w,فيديو زوين مشاء الله عليك حبيبتي بتجنني ♥️♥️🌹🌹,@سيرينسيرين-ر8ض,0,2026-04-18T16:04:24Z
LOVE,نحبك,arabic,21Z-LDGVZ2w,كنحبك❤,@SalmaPicaso,1,2026-04-18T15:40:20Z
LOVE,نبغيك,expression,21Z-LDGVZ2w,نبغيك بزاف من الجزائر 🇩🇿🇩🇿🇩🇿🇩🇿🇩🇿🇩🇿🇩🇿🇩🇿🇩🇿,@HibaOram-z4e,0,2026-04-18T15:35:30Z
LOVE,كنبغيك,darija,21Z-LDGVZ2w,كنبغيك❤❤❤❤❤ أزين,@ZahiraMk-n8c,1,2026-04-18T15:33:22Z
LOVE,كنبغيك,darija,21Z-LDGVZ2w,احلام ممكن دريلي تثبيت كنبغيك بزاف,@saidakkache4730,1,2026-04-18T15:32:58Z
LOVE,مشتاق,arabic,AwoKr-IMu_g,ياربي هب لكل مشتاق الذرية الصالحة,@sobhanarabi9597,0,2026-03-12T23:06:00Z
LOVE,مشتاق,arabic,AwoKr-IMu_g,سبحان الله من هذي شعال ماشفتش فديوهات شعال العزيزة عليا ربي يتمملك حملك ويفرحك ويرزق جميع المشتاق الذرية الصالحة ونعم الأخت وتربية حفظكم الله,@أمعبدالرحيم-ت6س,0,2026-03-12T11:44:59Z
LOVE,الحب,arabic,AwoKr-IMu_g,مالكم متحملوش ونعاودو الحبة وبارود من دار القيد,@jamilaseifislam3075,0,2026-03-09T20:23:49Z
LOVE,عمري,darija,AwoKr-IMu_g,دعيو معايا بالحمل عمري 37 😢,@dandouna5799,0,2026-03-02T20:21:33Z
LOVE,شوق,arabic,AwoKr-IMu_g,انا سبع سنوات بدون أولاد مخليتش طبيب مخليتش دوا مشربتوش والحمد لله على كل حال اتمنى عمرة اطلب وادعو الله الرزاق يرزقني وجميع المحرومين والله شوق كبير للعمرة جتى ندعو الجبار الرزاق يرزقنا,@JamalJamal-j4d,4,2026-02-27T01:50:02Z
LOVE,حبيبتي,word,AwoKr-IMu_g,مبروك عليك حبيبتي كلشي غايدوز بخير ان شاء الله ، انا بحالك بنتي كانت عندها ستة شهور وحملت بالثاني و غير دار ثمانية اشهر حملت بالثالث و بالثلاثة ولدتهم بلفتيح ، الحمد لله مع العلم كنت كناخد كنينة منع الحمل ومع ذلك كنحمل ، مافبهاش تيقة الكينة والله,@ouafaet,0,2026-02-26T20:07:40Z
LOVE,حبيبتي,word,AwoKr-IMu_g,مبروووك عليك حبيبتي انا كثر ليا ريق فمي فقط وشكيت وسيمانة وانا تنتردد ندير تيست ومن بعد فاش عرفت ثلاث اشهور ماقلتهاش الشي جد رجلي فقط,@OmoHoudaifa,0,2026-02-22T13:37:54Z
LOVE,حبي,word,AwoKr-IMu_g,وليتوا مصريين تحلبتوا بزاف وتلونصيطو حبيتوا تولوا مصريين,@AmirFamille-z6u,0,2026-02-22T08:36:27Z
LOVE,الحب,arabic,AwoKr-IMu_g,واش مكتحشموش الحبس أويلي شكتخراي راكي بعقلاك,@FatimazaheraBouchiba,0,2026-02-22T01:22:42Z
LOVE,قلبي,darija,AwoKr-IMu_g,فرحتي انك رجعتي من الناس لي خلتي أثر في قلبي و نتسنا رجوعك,@meryemIqbaltata,0,2026-02-22T00:17:54Z
LOVE,حبيبتي,word,AwoKr-IMu_g,مبروك عليك حبيبتي الله يكمل عليك بالخير,@oum-maram11,0,2026-02-21T23:09:54Z
LOVE,حبيبتي,word,AwoKr-IMu_g,ألف مبروك حبيبتي 🎉🎉🎉,@عالمخديجةالمتنوع-ش8ف,0,2026-02-21T16:09:27Z
LOVE,حبيبتي,word,AwoKr-IMu_g,تم اشتراك عندك حبيبتي الغالية,@قناةامياسمين,0,2026-02-21T13:09:52Z
LOVE,الحب,arabic,AwoKr-IMu_g,فحال لكدهدر عليا سبحان الله حتى انا حاملة ف بيبي الثالت وولدي شلاه عندو عام الحبيب ديالي,@houdanabil2019,1,2026-02-21T09:37:27Z
LOVE,مشتاق,arabic,AwoKr-IMu_g,الله يكمل عليك بالخير و الله يرزق كل مشتاقة يارب 🤲🤲🤲🤲🤲🤲🤲,@Yawmiyat_motazawija,0,2026-02-20T21:01:13Z
LOVE,حبيبتي,word,AwoKr-IMu_g,الله إكمل عليك بالخير حبيبتي❤❤❤❤كولشي غيدوز حتى انا ولدا ولداتي بحالك اودابا راهوم كبرو واحد عندو 10اوولبنيةوعندها 8اونص دابا حاليا مفاهمين اوكنحس بيهوم متعلقين بزاف بعضهوم بحال إلا توام,@FatiZahrae-k3d,0,2026-02-20T20:55:28Z
LOVE,حبي,word,AwoKr-IMu_g,سارة حبيبة الله يكمل عليك بالخير هذه نعمة ربي رزقك بها وأكيد فيها خير الله يعطيك واقفة ساهلة ويعاونك ربي على وليداتك كاملين🤲,@ouassilabouidri4458,0,2026-02-20T19:20:34Z
LOVE,الحب,arabic,AwoKr-IMu_g,يارب ويرزقك كل محرومة يارب الحبيب في هاد رمضان الكريم  العظيم ويارب  تحفظ وليداتنا,@Khadijasondos-z7w,0,2026-02-20T17:58:45Z
LOVE,الحب,arabic,AwoKr-IMu_g,ماشاءالله تبارك الله الله يتبث حملك على خير الحبيبة ❤❤❤,@amalamola3185,0,2026-02-20T17:48:10Z
LOVE,بغاك,expression,AwoKr-IMu_g,🎉🎉🎉🎉🎉🎉🎉🎉🎉🎉🎉 مبروووك ما عليهش ربي بغاك تكوني أم مرة أخرى و ربي غادي يرزقك الصحة التقوى باش تكوني معهم,@Rahma_67-i1g,0,2026-02-20T17:06:05Z
LOVE,حبي,word,AwoKr-IMu_g,ردة الفعل ديال أختك الأولى حبيتها 😂❤❤ضحكاتني,@chokairikaoutar2189,0,2026-02-20T15:51:59Z
LOVE,ma chérie,french,AwoKr-IMu_g,"❤🎉🎉 mobrok 3lik ma chérie, haja ngoulalik fiha kheir hbiba ne tkt pas!!! O Allah i Kamel 3lik bi Elf kheir o Allah bakhi i 3awdek 3la kolchi hint sbartiiiiiiiii o 3aniti El hamdolillah ❤😊🥰 future baby Sarah❤",@rajahkhiate1158,1,2026-02-20T15:51:36Z
LOVE,مشتاق,arabic,AwoKr-IMu_g,ياااااااااااااااااااااااااارب اسالك في هذا اليوم المبارك من هذا الشهر الكريم ان ترزق كل مشتاق الذرية الصالحة يااااااااااربي الحمد لله,@رحمة-ي8ظ,4,2026-02-20T15:42:23Z
LOVE,حبيبتي,word,AwoKr-IMu_g,السلام عليكم بنات مبروك عليك السهره الله يفكك على خير احبيبتي عفاكم دعيو معي يا ربي نحمل في هذا العيد يا ربي ويكون عندي شي بيبي ان شاء الله يا ربي,@KhawlaBenkirane,5,2026-02-20T15:26:34Z
LOVE,حبيبتي,word,AwoKr-IMu_g,الله اثبت حملك حبيبتي متخافيش و الله تا زوينين وخا صعاب بزاف ولكن غي الصبر، أنا حملت بولدي وبنتي فعمرها 4 شهور تصدمت و الله ولكن كولشي داز الحمد لله,@HassnaBillihi,1,2026-02-20T12:10:50Z
LOVE,عمري,darija,AwoKr-IMu_g,بنتي عندها 21سنة اة ولدي 20 سنة او ولدي 10 سنوات والام 41 سنة عمري صحابلي غادي نحمل في صيف جاني العي او كنتشهى مديتهاش كنقول إمعرى الحمان لغاكل مجاتنيش كنقول الهرمنات حتى جاني لغاكل مجهد مور 10أيام مشيت لطيبة كاتلي كنت حاملة او توقف لحمل 👍,@sasasasa5908,4,2026-02-20T10:27:32Z
LOVE,حبيبتي,word,AwoKr-IMu_g,مبروك عليك حبيبتي,@Samar_7123,0,2026-02-20T08:56:41Z
LOVE,حبيبتي,word,AwoKr-IMu_g,آلف مبروك عليك حبيبتي ❤❤❤,@Saratbatou,0,2026-02-20T06:05:04Z
LOVE,حياتي,darija,AwoKr-IMu_g,حتا انا حملت وولدي عندو عام وشهرين وبكيت بحالك ولاكين فالاخير كان أجمل حاجة فحياتي رغم انه كان الولد الرابع دبا عندو 10 سنين الله يحفضولي يربي مايكون عندك ان شاء الله,@غزلانغزلان-س2ع,0,2026-02-20T05:52:05Z
LOVE,حبي,word,AwoKr-IMu_g,مبروك احبيبة فرحت لك و الله هذاك رزق من عند الله ❤ قولينا شنو بغيتي بنيتة و لا وليد ❤ ربي يتبث حملك و يكمل عليك بالخير,@keepgoing7090,1,2026-02-20T03:57:54Z
LOVE,حبيبتي,word,AwoKr-IMu_g,مبروك حبيبتي,@mouniakaddiri6357,0,2026-02-20T02:31:10Z
LOVE,حبي,word,Ytm_ySdHkCk,جيتي فنة ماشاء الله دوام ا حبيبة ❤,@Hadiiil23908,0,2026-01-17T00:21:47Z
LOVE,حبي,word,Ytm_ySdHkCk,جيتي فنة احبيبة مبروك عليك والله يخليكم لبعضياتكم ❤❤,@BahiaHiji,1,2025-11-30T16:24:34Z
LOVE,حبيبتي,word,Ytm_ySdHkCk,صافي تزوجتي ونسيتي علينا مبروك علك حبيبتي انا اول فان ليك مني كان في عمري 18 لعام حتا تخطبت ونتي بديتي على ما اضن 2021 فرحت ليك مشاء لله  اميره princesse,@AzharAzhar-t6w,1,2025-11-08T17:31:19Z
LOVE,عمري,darija,Ytm_ySdHkCk,يعمري سلمى تزوجت 😭🩷,@NourhaneTaharhanni,0,2025-11-04T21:04:07Z
LOVE,حبيبي,word,Ytm_ySdHkCk,شحال بكيت من الفرحه الله يسهل عليك ياربي حبيبي ويخليكي ديما فرحانه❤❤❤❤❤❤❤,@Dhamrrrt,0,2025-09-20T20:36:07Z
LOVE,الحب,arabic,Ytm_ySdHkCk,الله يكمل عليك بالخير ها هي العروسة جيتي زويييينة كتحمقي سلمى بحال بنت عمتي نهايلة تزوجات مع راجلها أيمن الحب و الحياة زواج غادي يقصنا و ناصب هادشي لي كاين من عند الله,@ibtihaltairech6036,0,2025-09-13T23:59:23Z
LOVE,حبي,word,Ytm_ySdHkCk,ياااااااا عمري مشاء الله فنة فنة فنة نتي تزوجتي وأنا كنبكي بحال إلى ختي الصغيرة تزوجت حبيييييييييت مشاء الله بيزو كبيرة ليك ❤,@salmachanel8613,0,2025-09-09T14:32:49Z
LOVE,عيني,darija,Ytm_ySdHkCk,اول مرة نشوف القناة مكنعرفش لبنت مي تبارك لله مشاء لله طلعت زوينة او فرحة بينا بعينيها او لبنات تبارك لله ف فيديو معاها فنات لله يفرح كل وحدة بكل ما كتمنى او لله يجعل المودة ويزرع المحبة دائمة بينتكم ❤❤❤,@nora_miry,0,2025-09-05T14:12:50Z
LOVE,نبغيك,expression,Ytm_ySdHkCk,"عقبالي ان شاء الله يرزقني زوج صالح 🎉
مبروك سلمى أول مرة نعلق و أنا نبغيك بزاف شابة تاعنا ❤🇩🇿",@nesrineabdelhalime6717,0,2025-09-05T09:38:33Z
LOVE,كنبغيك,darija,Ytm_ySdHkCk,بغيناك وخا تزوج دير فيديوهات ❤❤❤ فرحتليك بزاف أبكيت حيت غادي تزوج أتخلينا 😂😂😢أنتمنا إكون زواجك زوين بزاف وراه كنبغيك أصورلينا عنداك تنساي❤❤❤,@AitlhajAya-i9c4p,1,2025-09-02T17:09:54Z
LOVE,نحبك,arabic,Ytm_ySdHkCk,شحال نحبك ألف ألف مبروك ليك حبيبتي ربي يهنيك ويفرحك ويسعدك ماشاء الله ماشاء الله  شحال يعجبني جمالك وطاقتك ديما ضاوية ومنورة إنشاء الله ديما تبقي هكدا,@SS-xu7ii,0,2025-09-01T17:10:12Z
LOVE,حبيبتي,word,Ytm_ySdHkCk,ألف ألف ألف مبروك الله يهنيك حبيبتي ❤️👸💐,@NesrineQueen,0,2025-09-01T12:49:31Z
LOVE,حبي,word,Ytm_ySdHkCk,الله يكمل لك بالخير سلمى حبيبة تستاهلي اي حاجة زوينة ❤❤❤❤,@nourheneghlamallah,0,2025-08-30T13:50:04Z
LOVE,حبي,word,Ytm_ySdHkCk,"ربي يعطيك طول لعمر وسعاد الأبدي🤲🏻🥰
حبيت نقلك ربي هنيك 🤲🏻😊وأللف مبروك ❤❤🎉🎉🎉",@رحيل-ف5ت,1,2025-08-28T15:27:25Z
LOVE,حبيبتي,word,Ytm_ySdHkCk,🎉ألف مبروك حبيبتي,@ChahdaGuemini,0,2025-08-28T13:07:29Z
LOVE,نحبك,arabic,Ytm_ySdHkCk,ربي يكملك حبيبتي بزااااف نحبك ❤واحكولي على فرحة صحاباتها 🫶🏻🥹,@HoudaOussama-v9j2s,0,2025-08-26T12:37:47Z
LOVE,حبي,word,Ytm_ySdHkCk,مبروك ❤عليك فرحتلك من قلبي نفس حبي لخاوتي لاغالب نحب بلادي 🇩🇿♥️,@MimiMini-s5o,0,2025-08-25T23:59:03Z
LOVE,نحبك,arabic,Ytm_ySdHkCk,يا عمري باسم الله ما شاء الله أجمل عروس مغربية 🥺❤️❤️❤️ جيتي تهبليييي ربي يهنيك يارب 😍 نحبك من الجزائر,@chaimachaima2982,2,2025-08-25T19:41:44Z
LOVE,حبيبتي,word,Ytm_ySdHkCk,مبروك عليك حبيبتي سلمى والله يرزقك الهنى والفناك بزاف فوتنا معاك وقت شباب كنت كل يوم نقارعلك نستناك تحطي لينا فيديو جديد والفتك بزاف ختي صغيرة بقات تبكي عليك قاتلي سلمى تزوجت مراحش تحطلنا فيديوهات 😂😂 ومهم الله يهنيك ويدومها محبة بيناتكم,@FarahSiah,0,2025-08-25T15:11:43Z
LOVE,حبيبتي,word,Ytm_ySdHkCk,مبروك عليك حبيبتي سلمى جيتي فنة مشاء الله تبارك الرحمان لعقوبة ليا انشاء الله ❤,@AyaSaidi-x6p,0,2025-08-25T14:47:31Z
LOVE,حبي,word,Ytm_ySdHkCk,عدد محبين سلومة😂❤,@Lolaaa77777,3,2025-08-25T10:08:29Z
LOVE,حبي,word,Ytm_ySdHkCk,حبيت فكرة قفطان بيض بلاصت ديك لاغوب والله اكمل عليك بالخير❤❤,@ZahoZara,2,2025-08-24T22:36:49Z
LOVE,الحب,arabic,Ytm_ySdHkCk,ماشاء الله غزالة و جيتي فنة ماشاء الله الله يكمل عليكم بالخير و اهم حاجة صبر و الحب و تكملو انشاء الله مع بعضياتكم حتى الاخر الله يفرحكم يا ربي فرحتلك بزاااااف ماشاء الله ❤️💕💕💕💕🥰🥰,@oumaima99-y5v,0,2025-08-24T20:22:35Z
LOVE,حبي,word,Ytm_ySdHkCk,تبارك الله عليك ا حبيبه جيتي زوينه بزاف الله يكمل عليك بخير الزين❤🎉,@OUMAIMAOUMAIMA-x4h,0,2025-08-24T18:18:06Z
LOVE,نحبك,arabic,Ytm_ySdHkCk,انا تونسية  ونحبك برشا  و عجبتني تقاليد اعراسكم ❤❤❤,@SãndïJasmiñ,5,2025-08-24T15:25:35Z
LOVE,حبيبتي,word,Ytm_ySdHkCk,مبروك عليك حبيبتي جيتي تهبلي ❤❤,@ChahdeBeddad,0,2025-08-24T14:04:56Z
LOVE,نحبك,arabic,Ytm_ySdHkCk,الف مليون مبروك من الجزائر نحبك ❤🎉❤,@أمهناء-ب5ب,0,2025-08-24T13:29:07Z
LOVE,حبي,word,Ytm_ySdHkCk,حبيت الفيديو واعر,@OmSafaa-j6s,2,2025-08-24T12:03:48Z
LOVE,حبي,word,Ytm_ySdHkCk,مبروك حبيبة بغينا تعاودينا قصة تعارفكم,@hasnaeHalbaba,0,2025-08-24T11:31:39Z
LOVE,حبي,word,Ytm_ySdHkCk,الله يبارك ربي يهنيك حبيبة❤❤❤❤,@SousouSousou-t3y,0,2025-08-23T23:25:46Z
LOVE,قلبي,darija,Ytm_ySdHkCk,الف الف مبروك ونشاله يتم بالخير وشحال فرحتلك من قلبي اسلمى ربي يكملكم مع بعض طول لعمر ان شاء الله ولعقوبة للذرية الصالحة انشاء الله وتحياتي ايناس من الجزائر😘😘😘😘😘🥰🥰,@ليليانكوين-ق3ط,1,2025-08-23T22:06:21Z
LOVE,حبيبتي,word,Ytm_ySdHkCk,مبروك حبيبتي طلعتي كتحمقي بزين الله يكمل عليك ياربي الله يسر ليك اسلومة لغزالة ❤❤❤❤,@elbarhdadikhaoula6171,2,2025-08-23T21:57:47Z
LOVE,حبي,word,Ytm_ySdHkCk,الله يكمل عليك بالخير حبيبة ديالي والعقوبة جميع بنات ياربي❤❤❤❤❤❤,@CasaCasa-ss4zi,0,2025-08-23T21:50:48Z
LOVE,حبي,word,Ytm_ySdHkCk,حبيت ديك اللقطة فاش جا العريس جدا سلمى  فاللبسة البيضة ❤❤❤,@لالة-ي4ز,1,2025-08-23T21:32:15Z
LOVE,قلبي,darija,Ytm_ySdHkCk,مبروك عليك ختي سلمى الله يرزقكم الذريه الصالحه يارب والله حتى فرحت لك من قلبي مبروك عليك 😘♥️,@hananbellakbir7019,0,2025-08-23T21:26:38Z
LOVE,قلبي,darija,Ytm_ySdHkCk,في قلبي دعاء يتكرر كل يوم أن يجمعني الله بمن أحب ويجعله من نصيبي ادعوا لي من قلوبكم ولكم بالمثل  واسأل الله تعالى ان يستجيب لدعواتكم 🤍,@FkriFakiri-s9p,1,2025-08-23T21:15:50Z
LOVE,حبي,word,Ytm_ySdHkCk,حبيييييييت❤,@نورةالهشماوي,0,2025-08-23T21:12:00Z
LOVE,حبي,word,Ytm_ySdHkCk,نكافة تاعك حبيتها ان شاءالله نهبط المغرب غدي نعيط ليها واش ممكن ديبلاسا ل رباط,@houdaezzine4571,0,2025-08-23T21:07:29Z
LOVE,حبيبتي,word,Ytm_ySdHkCk,الف مبروك ❤ سلمي حبيبتي 🎉 ممكن قصت تعارفكم,@سارةمغنية,0,2025-08-23T20:46:46Z
LOVE,نحبك,arabic,Ytm_ySdHkCk,كلشي مبروك اااحبيبتي نحبك بزاف تحية من الجزائر,@Adamkaroutt,0,2025-08-23T20:21:02Z
LOVE,حبيبتي,word,Ytm_ySdHkCk,مبروووك حبيبتي انا من الجزأئر فرحتلك من قلبي❤فات كلش تووب,@nawalnonou492,0,2025-08-23T20:16:36Z
LOVE,حبيبتي,word,Ytm_ySdHkCk,جغمة اصاحبتي جغمة يالاه نويت نتفرج ونتقاد فالجلسة وحطيت حدايا قهوة باش دوز معايا الوقت صافي سالاه 😢،،على العموم غير كنضحك احبيبتي مبروووووك عليك فرحت ليك بزاااف اقسم بالله والله اكمل عليك بالخير يارب وبالدرية الصارحة ،،الله احفظكم وابعد عليكم ولاد الحرام والناس الخيبين❤❤❤❤❤,@AyaZahr-w9m,0,2025-08-23T20:16:23Z
LOVE,ma chérie,french,Ytm_ySdHkCk,Félicitations ma chérie ❤🎉,@safawiya___32,1,2025-08-23T20:12:15Z
LOVE,حبيبتي,word,Ytm_ySdHkCk,بصحتك حبيبتي والله غير فرحتلك😘😘😘😘😘😘,@HoudaElawfi-wt1do,1,2025-08-23T20:01:15Z
LOVE,حياتي,darija,Ytm_ySdHkCk,ماشاء الله عليك عقبال الذرية الصلحة جيتي فنة ماشاء الله تحياتي من الجزائر😍😍😍,@djalalboucherifi309,0,2025-08-23T19:50:30Z
LOVE,كنبغيك,darija,Ytm_ySdHkCk,كنبغيك بزاااااف  أنا فرحانه أللللف مبروك أنا متتبعا ديالك,@FadouaBellarbia-g7n,0,2025-08-23T19:41:19Z
LOVE,حبيبتي,word,Ytm_ySdHkCk,"مبروك حبيبتي فرحتلك من قلبي
جيتي  فنة❤🥹",@ASSIA-vlog7,0,2025-08-23T19:35:33Z
LOVE,الحب,arabic,Ytm_ySdHkCk,الف الف الف مبروك فرحت ليك من القلب الحب الله يحفضك ويبارك ليك فالزواج,@AissiKheira-g8y,0,2025-08-23T19:35:05Z
LOVE,حبيبتي,word,Ytm_ySdHkCk,يووووووووووووووي فرحنالكوحبيبتي❤❤❤❤❤❤,@AridjBendali,0,2025-08-23T19:24:38Z
LOVE,حبي,word,Ytm_ySdHkCk,لله يهنيك ياحبيبة سلمى لمتابعة من الجزائر ❤❤❤,@fatmazouhrahamerat,0,2025-08-23T19:15:31Z
LOVE,حبي,word,Ytm_ySdHkCk,مبروك أحبيبة الله إسهل عليك ياربي جيتي غزالة مشاء الله  فرحنا ليك  بزااااااف الله إكمل عليك بالخير ياربي 🎉❤❤❤❤❤,@fati-f3s7h,0,2025-08-23T19:10:20Z
LOVE,الحب,arabic,Ytm_ySdHkCk,"مبارك يا اعروسنا الجميلة أتمنى لك حياة مليئة بالحب والسعادة .
❤❤❤❤❤❤❤❤❤",@1Myassin,0,2025-08-23T19:08:33Z
LOVE,حبيبتي,word,Ytm_ySdHkCk,الف الف مبروك حبيبتي ربي يهنيك ويسعدك ولعقوبة لصحبتك كامل ان شاءالله يارب 😍,@KawterKawterkant-yd6dn,0,2025-08-23T19:06:05Z
LOVE,حبيبتي,word,Ytm_ySdHkCk,الفيديو المنتظر ألف مبروك حبيبتي بسم الله ماشاء الله عقبالي❤,@RaihaneBakhti,1,2025-08-23T19:03:20Z
LOVE,حبيبتي,word,i3dZPHMsV_s,فرحنا وضحكنا بحال حضرنا معاك الله يكمل عليك بالخير حبيبتي❤,@rimrim8702,0,2025-04-22T09:47:57Z
LOVE,أحبك,arabic,i3dZPHMsV_s,سلام اختي لمياء أزينا مبروك خطوب وتكون فرحانا أختي انا كنحسبك فحال ختي زوينا فرحت من قلبي أنا سميتي أميرة أحبكي ❤❤❤❤❤❤❤❤❤❤❤❤❤❤Love,@amirachenn7498,2,2025-04-09T13:02:48Z
LOVE,قلبي,darija,i3dZPHMsV_s,عرفتي والله كنحس بلي نتي ختي وفرحت ليك من قلبي والله ومبرووك عليك الله يكمل عليك بالخير ❤🎉😊,@SalmaEl-qn4nb,0,2025-01-16T18:50:50Z
LOVE,حبي,word,i3dZPHMsV_s,تبارك الله على مغربياات فنات يهبلو ❤💋🇲🇦 و تقاليد و تراث مغربي حنا مغربيات نطلعو اميرات ف اعراس تاعنا اسبوع فرح ونشاط مغربي 🇲🇦💋🇲🇦💋🇲🇦💋🇲🇦💋🇲🇦 الله يكمل عليكم بيخير حبي طلعتي فنة غزالة كتحمقي حبيبة❤😢,@baammisana9707,1,2025-01-15T23:15:58Z
LOVE,الحب,arabic,i3dZPHMsV_s,الف الف مبروك عليك صراحة انت انسانة طيبة وتستاهل الخير كله  برفاه والبنين وحياة طيبة مليئة بالحب والسلام  مبروك,@ezzohramaknoun7879,0,2025-01-10T22:27:25Z
LOVE,الحب,arabic,i3dZPHMsV_s,كلشي زوين مبروك ملاحظة علي شكل الكيك ماشي ديال الخطوبة وكتبان أكثر انها تشيز كيك و ديال عيد الحب مثلا بين زوجين ناشي د الخطوبة,@وردةالياسمين91,0,2025-01-10T15:27:45Z
LOVE,حبي,word,i3dZPHMsV_s,حبيت تبارك الله عليك فنة مبروك عليك الخطوبة عقبة العراسية، ولا كان ممكن بغيت الموقع مول التوب سكرا❤❤🎉🎉,@meriemhilalimrabti8622,0,2025-01-10T00:12:47Z
LOVE,حبي,word,i3dZPHMsV_s,الله يكمل عليك أحبيبة ديالي ويفرحك ولكن حتا شي حاجا مكتحيد ولا كدي الباس من غير الله عز وجل هو لي كينفع وكيضر أما الزاجا لي تهرسات فقدر الله وماشاء الله فعل مكتابة متلتفتيش لهذيك الأمور لأنها غير من الخرافات والخزعبلات وهي من الشرك,@chaimaekarni,1,2025-01-09T11:55:28Z
LOVE,قلبي,darija,i3dZPHMsV_s,فرحت ليك من قلبي فحال ختي مبروك عليك الله يكمل بالخير ❤,@aminaAitalioumbark,0,2025-01-08T20:21:28Z
LOVE,حبيبي,word,i3dZPHMsV_s,الله يكمل بالخير دعيو معايا يتجمع شملي بحبيبي,@enouraniya,0,2025-01-07T22:45:33Z
LOVE,حياتي,darija,i3dZPHMsV_s,احسن فلوك ديال الخطوبة شفتوا فحياتي ❤🎉 الله يكمل عليك بالخير,@ouistyle9465,1,2025-01-07T17:36:17Z
LOVE,حبي,word,i3dZPHMsV_s,ختها كتشبه حبيبة نيمار,@SafaBouf-p8h,0,2025-01-07T12:48:38Z
LOVE,حبيبتي,word,i3dZPHMsV_s,❤❤❤❤ الله يكمل بالخير احبيبتي فرحتليك,@ayi_ssird_az,0,2025-01-06T16:22:42Z
LOVE,حياتي,darija,i3dZPHMsV_s,انا عندي 32 عام مزال كاع مكنفكر ف زواج يالاه درت باك ليبر هاد عام، حياتي غادية بالمقلوب,@fatimaaitmouss714,0,2025-01-06T12:05:50Z
LOVE,حبي,word,i3dZPHMsV_s,والله لا كنتفرج ف لفيديو ونا كنضحك وحاسة براسي معاكم ❤❤❤ كنحماق عليك ا حبيبة والف الف مبروك الخطوبة 🥂🫠 lovr you,@ZinoZino-u2l,0,2025-01-06T11:55:41Z
LOVE,قلبي,darija,i3dZPHMsV_s,لمياء فرحت🎉 من قلبي❤ متوقعتش تخدي هاد القرار😂 بزربة ههههههه بصح متنسايناش😢❤,@YassmineAzzaoui,0,2025-01-06T01:02:39Z
LOVE,حبيبتي,word,i3dZPHMsV_s,بالباراكا على حبيبتي سلمى الزوينة تاعنا ❤❤❤❤,@oussamagnd8155,0,2025-01-05T21:56:55Z
LOVE,حياتي,darija,i3dZPHMsV_s,ألف ألف مبروك صراحة تستاهل كل خير ونعمة إخوه أم الحنونة الله يحفظكم جميعا والله إلى فرحت لك بزاف ماشالله تبارك الرحمن جتي غزلا فنة البكوسة تحياتي ليك الناضور,@AsmaeAukili,0,2025-01-05T21:53:16Z
LOVE,حبي,word,i3dZPHMsV_s,حبييييييييييت ❤,@zinebbougraine78,0,2025-01-05T19:17:45Z
LOVE,قلبي,darija,i3dZPHMsV_s,جيت من انستا  هذيك اللقطة ديال انا لي قولت الخطبة 😂😂😂❤❤❤ جيتي كتحمقي مشاء الله وخا اول مرة غنشوفك ولكن والله حتى فرحة ليك من قلبي 😂😂😂❤❤,@Sandrila8361,1,2025-01-05T16:05:03Z
LOVE,حبي,word,i3dZPHMsV_s,ماكنتش كنحملك ولكن فاش شفت لفيديو فرحت كتر منك ودخلتي لقلبي والله حبيتك حبيتك ياختي ❤❤❤❤ الله يكمل عليك بلخير طلعتي اميرة  بسم الله ما شاء الله ❤❤,@LaraLara-s1y,0,2025-01-05T14:12:41Z
LOVE,حبي,word,i3dZPHMsV_s,مبروك عليك حبيبة لمياء الله يكمل عليك بالخير واخا فاجئتينا كنت كنشوفك مزال صغيرة صراحة هههه ❤❤❤,@IkramElayachi-f8y,0,2025-01-05T14:11:26Z
LOVE,حياتي,darija,i3dZPHMsV_s,اولاً مر في حياتي نكمنت لشي وحده هي لمياء تبار ك الله الله يسهل عليك خطوب واورووو❤,@SamirHkani,2,2025-01-05T12:38:40Z
LOVE,حياتي,darija,i3dZPHMsV_s,ماشي هوا متبت وهيا خفيفا شويا ولاكين أحسن عروسة شفتها فحياتي لله يكمل بيخير,@tazataza3662,1,2025-01-05T10:18:49Z
LOVE,الحب,arabic,i3dZPHMsV_s,مبرووووك  عليك  لميااء  الحبيبة,@RomayssaeTaibi,0,2025-01-05T05:39:37Z
LOVE,كنبغيك,darija,i3dZPHMsV_s,أو مبروك عليك كنبغيك❤,@HotHuit,0,2025-01-04T23:08:44Z
LOVE,كنبغيك,darija,i3dZPHMsV_s,أو مبروك عليك كنبغيك❤,@HotHuit,0,2025-01-04T23:08:32Z
LOVE,كنبغيك,darija,i3dZPHMsV_s,أو مبروك عليك كنبغيك,@HotHuit,0,2025-01-04T23:08:14Z
LOVE,نحبها,arabic,i3dZPHMsV_s,شحال من عام وانا نتفرج ف لاميا بزاف نحبها ❤️فرحتلها ربي يكمل عليها بالخير و يهنيها  لوف يووو 💋❤️🇩🇿,@Tiziri_tiziri16,1,2025-01-04T22:48:46Z
LOVE,ma chérie,french,i3dZPHMsV_s,Mashaaelllaaaaaaaaaaaaaah i looooove ittttt🥹🥹🥹❤️❤️❤️❤️❤️❤️❤️félicitations ma chérie 🥹,@YasminSaso-z7f,0,2025-01-04T22:01:06Z
LOVE,قلبي,darija,i3dZPHMsV_s,كنشوف فيديو وانا فرحان حيت حب قلبي غدي يجي لدارنا وصرحاه مخلوع وفرحان دعيو معاي البنات ونصوحوني حيت مزال كنقلب😅❤,@Loli_Loli_A_0,1,2025-01-04T20:45:05Z
LOVE,حبيبتي,word,i3dZPHMsV_s,الف مبروك عليك حبيبتي ❤❤❤,@HosinBoni,0,2025-01-04T18:40:10Z
LOVE,كنبغيك,darija,i3dZPHMsV_s,والله الفرحة لي فرحرتلك كان انا تزوجت منفرحهاش لحقاش انا من الاوائل لي بديت معاك أو كنبغيك بزاااااااااااااف أو نت مختلفة على كلشي أو عندك جوك بوحدو كنحماق عليك انا نتمنالك كل خير أو تيسير أو يسهل عليك ربي أو تكونو فرحانين معا بعضياتكم ❤❤❤❤❤❤❤❤❤❤❤❤❤❤❤,@IsslameBahtat,2,2025-01-04T16:35:25Z
LOVE,عمري,darija,i3dZPHMsV_s,ياااا عمري ما شاء الله ربي يكمل عليك بالخير,@HoudaMotrani,1,2025-01-04T16:23:26Z
LOVE,قلبي,darija,i3dZPHMsV_s,ألف مبروك ازين و الله إلى فرحت ليك من أعماق قلبي الله يكمل عليكم بخير ❤❤,@rafal777,1,2025-01-04T16:19:40Z
LOVE,حبي,word,i3dZPHMsV_s,حبيييت 💗 الله يبارك ليك ياربي 🎀🥺,@HafssaHafssa-hj7xb,0,2025-01-04T15:51:23Z
LOVE,نحبك,arabic,i3dZPHMsV_s,والله نحبك كيشغل ختي مبروك عليك والعقوبة للدرية الصالحة❤❤🎉🎉 متابعتك من الجزائر 😊😊❤❤,@AssilAssoula-x5s,0,2025-01-04T15:28:25Z
LOVE,حبيبتي,word,i3dZPHMsV_s,"الله يكمل عليك حبيبتي ❤❤
الله يرزقكم الذرية الحسنة",@HabliOmeyma-sf3td,0,2025-01-04T15:17:00Z
LOVE,حبي,word,i3dZPHMsV_s,عيني غرغرو 🥹♥️♥️♥️♥️الله يكمل كولشي بلخير حبيت ما شاء الله,@MarouaLarhchim,0,2025-01-04T15:05:08Z
LOVE,قلبي,darija,i3dZPHMsV_s,حتا انا قربات خطبتي عرفتي ..فرحت ليك من كول قلبي دراجة بكيت والله اله يكمل بي لخير اختي فديو من بارح او انا كن نعود فيه بي قويت فرحة,@ابراهيممنتاي,0,2025-01-04T13:56:59Z
LOVE,غرام,arabic,i3dZPHMsV_s,شفت التصاور فانستغرام ا متيقتش تسحاب ليا شوتينك,@IkramHachhouchi,0,2025-01-04T13:30:42Z
LOVE,حبيبتي,word,SLw4ZszmOow,الله يحفظكم من العين أ حبيبتي ، الله يحفظكم لبعضياتكم,@AyaAzzouzi-h9c,0,2026-04-18T12:16:00Z
LOVE,عمري,darija,SLw4ZszmOow,امتى اتحطيلنا فيديو كل شوية نطل نشوف واش طين فيديووو!!! متحمسة انا عمري عشرين عام واول مرة يعجبني الحديث 😂❤,@goodboy-dl1hn,1,2026-04-17T22:05:33Z
LOVE,حبي,word,SLw4ZszmOow,ناري حبييييييييييييييييييييييييييتكم بزاااااف,@jihanehajja4004,1,2026-04-16T18:51:05Z
LOVE,الحب,arabic,SLw4ZszmOow,ربي هب لي زوجا يصب عليا الحب صبا صبا كأنما السماء لفظته من ثغر غيمتها صيبا نافعا لقلبي تقي نقي غني بماله ودينه وأخلاقه ادعولي ياجماعة دعوة الغريب مستجابة لعلى فيكم القريب إلى الله ❤,@AsmaSoma-v8l,3,2026-04-14T14:15:50Z
LOVE,حبي,word,SLw4ZszmOow,❤❤❤❤❤حبيتكم,@SalmaSali-o3j,0,2026-04-14T12:36:06Z
LOVE,حبي,word,SLw4ZszmOow,حبيت الله يخليكم بعض,@jihadgueddari903,0,2026-04-14T09:55:27Z
LOVE,حبي,word,SLw4ZszmOow,اه عاوديلينااااا قصصص ديالكم خصيصا  حبيت,@goodboy-dl1hn,4,2026-04-12T17:54:07Z
LOVE,حبي,word,SLw4ZszmOow,اووووه حبيييتكم منين بدا الفيديو وانا كنفرنس😂😂,@imaneimane-x5f,17,2026-04-12T11:43:21Z
LOVE,حبي,word,SLw4ZszmOow,حبيتكم بزاااف ،فيدو زوينة ممتعة ، الله يخليكم لبعضياتكم ❤❤,@Hayfaedhr,2,2026-04-12T03:04:21Z
LOVE,حياتي,darija,SLw4ZszmOow,سلام استاد ابراهيم. عاود لينا شي قصة ديلك بوحدك فأيام الصغر. الله ايسر تحياتي.,@Tsilhak,1,2026-04-11T22:11:38Z
