Text,product,sentiment,Class
ماكينة عجباتني كاتحيد شعر من الجدر ومكاتخليش لاطراس,hair trimmer,Positive,1
 واعرة كاتشد الشارج لمدة طويلة وساهلة فالخدمة ديالها,hair trimmer,Positive,1
زوينة وصغيرة ومطيورة كيما كايقولو هههه، فلوسها حلال زوينة وعملية شكرا لكم,hair trimmer,Positive,1
 عاد جابوهاليا التوصيل كان فالمستوى والمنتوج وصلني كيما شفتو وعملي,hair trimmer,Positive,1
👌🏻 رهييييب حرفياً انصح فيه,hair trimmer,Positive,1
طلبت واحد قبل يومين وصلي اليوم تماما متل ماشفت بالإعلان ، يعطيكم العافية 😍,hair trimmer,Positive,1
يعطيكم العافية وصلني المنتج وجربته يعمل بشكل. جيد,hair trimmer,Positive,1
منتج جيد شكرا لكم وصلني في مدة يوم من الطلب شكرا لكم,hair trimmer,Positive,1
شكرا بزاف راني فرحانة والله على هاد المنتج الله اجازيكم بخير,hair removal machine,Positive,1
شريت هاد المنتج الزوجة ديالي كانو رجليها فيهم الشعر صغير ملقاتش ليه الحل باش متلاش ينمو حتى خديت هاد المنتج والله ارحم ليكم الوالدين,hair removal machine,Positive,1
كان الشعر ديال البط ديالي دايما معدبني والحمد الله لقيت هاد المنتج عندكم وخديتو ودبا راني مهنية شكرا مرة أخرى,hair removal machine,Positive,1
مبقيتش كنمشي عند الكوافورة منين شريت هاد hair dryer,hair dryer,Positive,1
الله اعطيكم الصحة على التوصيل السريع كنت محتاجاه بسرعة شكرا مرة أخرى,hair dryer,Positive,1
شكرا بزاف وفر ليا بزاف ديال الوقت,hair dryer,Positive,1
شريت هاد المنتج لزوجة ديالي راه الشعر ديالها ولا غاية فالروعة,hair dryer,Positive,1
بصراحة احسن هدية شريت لي راسي وراجلي في هاد الشهر,hair trimmer,Positive,1
منتج جيد شكرا لكم وصلني في مدة يوم من الطلب شكرا لكم صراحة التعامل زوين,hair trimmer,Positive,1
طلبت واحد البارح وصلني اليوم صراحة المنتج كيف ماشفت بالإعلان ، يعطيكم العافية 😍,hair trimmer,Positive,1
اشكركم على المصداقيه وعلى حسن التعامل,hair trimmer,Positive,1
كنت من حمل نشوف فراسي فالمرايا حتى شريت هاد المنتج شكرا بزاف,Body Slimming Belt,Positive,1
جربتو زوين بزاف معندي منقول,Body Slimming Belt,Positive,1
شكرا بزاف,Body Slimming Belt,Positive,1
الله اعطيكم الصحة منتج رائع,hair removal machine,Positive,1
معندي منقول الله ارحم ليكم الوالدين,hair removal machine,Positive,1
التوصيل كان سريع متوقعتوش الله اعطيكم الخير,hair removal machine,Positive,1
منتج زوين بزاف شكرا راه الصديقات ديولي بغاوه,hair removal machine,Positive,1
من نهار جربتو مدازت شهرين الشعر متلاش كينوض نهائهيا شكرا بزاف ليكم,hair removal machine,Positive,1
شكرا بزاف راني فرحانة والله على هاد المنتج الله اجازيكم بخير,hair removal machine,Positive,1
شريت هاد المنتج الزوجة ديالي كانو رجليها فيهم الشعر صغير ملقاتش ليه الحل باش متلاش ينمو حتى خديت هاد المنتج والله ارحم ليكم الوالدين,hair removal machine,Positive,1
كان الشعر ديال البط ديالي دايما معدبني والحمد الله لقيت هاد المنتج عندكم وخديتو ودبا راني مهنية شكرا مرة أخرى,hair removal machine,Positive,1
طلبت واحد قبل يوم وصلي اليوم تماما كيف ما شفت بالإعلان 😍,Mixer,Positive,1
احسن هدية تقدر تشريها في رمضان لي راسك ولي عزيز عليك,Mixer,Positive,1
صراحة كنت كنقول مغادي ينفعني في والو ولكن غير جربتو حسيت بالفرق,Mixer,Positive,1
منتج جيد شكرا لكم وصلني في مدة يوم من الطلب شكرا لكم,Mixer,Positive,1
مزيونة وخا تمنيت لو كان الحجم ديالها كبر,Mixer,Positive,1
عصارة واعرة هناتني من لعصير بيدي,Mixer,Positive,1
رائعة كنصحكم بها لجميع المناسبات بحال رمضان,Mixer,Positive,1
عملية وسهلة في الاستعمال٠ شكرا,Mixer,Positive,1
طلبت واحد قبل يومين وصلي اليوم تماما متل ماشفت بالإعلان ، يعطيكم العافية,Mixer,Positive,1
يعطيكم العافية وصلني المنتج وجربته يعمل بشكل. جيد,Mixer,Positive,1
منتج جيد شكرا لكم وصلني في مدة يوم من الطلب شكرا لكم,Mixer,Positive,1
انصح بالشراء مطابق للوصف و الثمن جد مناسب,Mixer,Positive,1
المنتج مطابق للوصف,Mixer,Positive,1
أكتر ما يعجبني هو التعامل الاحترافي و اللطيف لفريق هدا الموقع، و أيضا التوصيل السريع,Mixer,Positive,1
يعمل جيدا,Mixer,Positive,1
المنتج جربتو عجبني بزاف بحال اللي فالتصاور بالظبط,mini shaver,Positive,1
ماكنتش متوقع المنتج بهاد الجودة شكرا لكم بزاف,mini shaver,Positive,1
وصلني المنتج البارح جربتو صراحة من افضل المنتجات اللي جربت فحياتي,mini shaver,Positive,1
اليوما وصلني المنتج صراحة واعر لا من ناحية الشكل ولا الفعالية ديالو و الحاجة لي عجباتني كتر انو خفيف نقدر نهزو معايا فينما مشيت,mini shaver,Positive,1
شكرا مرة أخرى على هاد المنتج الله يعطيكم الخير راه غاية في الروعة,hair removal machine,Positive,1
منتج رائع الله ارحم ليكم الواليدين مرة أخرى وخصوصا التوصيل كان سريع,hair removal machine,Positive,1
منتج داوي على راسو كنصح بيه البنات خصوصا حيتاش عارفة قيمتو مزيان,hair removal machine,Positive,1
رجلية ولاو كيحمقو راجلي براسو سولني أشنو درتي رجليك حتى ولاو هك شكرا مرة اخرى,hair removal machine,Positive,1
صراحة زوينة نفعاتني بزاف، ديما العصير.,Mixer,Positive,1
شكرا بزاف، العصارة خدامة مزيان,Mixer,Positive,1
مكاين غاعصر هههه شكرا,Mixer,Positive,1
جربتها خدامة كتعصر مزيان,Mixer,Positive,1
تجربتي مع عصارة الفراكه المحمولة كانت ممتازة. سهلة الاستخدام وخفيفة الوزن، وكانت رفيقة رائعة خلال رحلتي,Mixer,Positive,1
لا يمكنني التحدث بكلمات كافية عن مدى إعجابي بعصارة الفواكه هده وبتقنيتها الفريدة,Mixer,Positive,1
لقد كنت أستخدم المنتج مند شهور و هو أفضل جهاز تشديب استخدمته على الاطلاق. إنه لطيف و دقيق، ولا يسبب أي تهييج. أوصي بشدة بهدا المنتج لأي شخص يريد جهار تشديب شخصي موثوق و عالي الجودة.,mini shaver,Positive,1
استخدمت الكثير من اجهزة التشديب الشخصية على مر السنين، لكن هدا المنتج هو إلى حد بعيد أفضل جهاز استخدمته على الاطلاق. إنه دقيق للغاية و سهل الاستخدام. أنا سعيد للغاية لأنني وجدت هذا المنتج!,mini shaver,Positive,1
إنه لطيف و دقيق و سهل الاستخدام. ابدو دائما متألقا، تماما كما لو كنت في صالون لتصفيف الشعر. ,mini shaver,Positive,1
أحسن حاجة جربت حتال ديا كتحيد ليا الزغب بزربة وكتخلي الجلدة رطبة و أهم حا مكتقصحش وليت ديما هازها معايا ف صاكي,mini shaver,Positive,1
لا واعرة الصراحة الشعر كيطير بتدويزة وحدة وماكتجرح ما والو ماشي بحال الموس وحتا الشارج ديالها كيشد ليا مدة طويلة,mini shaver,Positive,1
وليت كنحسن ف 3 دقايق بلا ماء بلا والو بحكم العمل ديالي خاص نكون ديما محسن نفعاتني بزاف تبارك الله عليكم,mini shaver,Positive,1
السلام عليكم ورحمة الله وبركاته لقد توصلت بمنتوجكم حقا أعجبني، وما زاد اعجابي طريقة استقبالكم للمكالمات وكذا الخدمة السريعة شكرا.,mini shaver,Positive,1
المنتج جيد,mini shaver,Positive,1
توصلت بالمنتوج ديالكم بصراحة عجبني بزاف... نتمنى نتقدى من عندكم مرة أخرى شي منتوج أخر... شكرا لكم,mini shaver,Positive,1
هي الة عملية، توفر الوقت و الجهد. ذات جودة عالية و سهلة الاستعمال.,mini shaver,Positive,1
منتوج رائع و ممتاز اشتريت ٢ جربوه ولن تندموا,mini shaver,Positive,1
شكرا لكم على حدة المنتج الرائع صراحتا جودة ممتازة,headphones,Positive,1
شكرا عاد وصلوني ليوما مزيونين، انا غادي ندوز عندكم كوموند اخرا لخطيبي,headphones,Positive,1
صراحة واعرين بزاف ايتوب عليكم,headphones,Positive,1
خديت زوج منهم وعرين وحتى شارج كيشدوه مزيان شكرا لكم,headphones,Positive,1
خديت هاد المكينة لمناطق الحساسة صراحة أحسن آلة للحلاقة هي هادي,hair trimmer,Positive,1
أخيرا لقيت المكينة لي هناتني من الرازوار كتحلق بيها الوجه والنيف والمناطق الحساسة كل شفرة كنحلق بيها بلاصة ,hair trimmer,Positive,1
بحال هاد الناس هوما لي كيخليوك تشري من الأنترنيت ، تعامل فالمستوى الله يسر ليكوم,hair trimmer,Positive,1
هادي هيا تاني مرة أنشري من عند هاد الناس التعامل ديالهوم زوين و حتا الضمانات عندهم,hair trimmer,Positive,1
خطيرة هاد الماكينة حبيتها 😍😍,hair removal machine,Positive,1
كنت كنعاني مع لاسيغ هادي رحمة ومكتزرقش عيييت منقلب على اوريجينال ديالها يله لقيتها هنا شكرا بزاف,hair removal machine,Positive,1
انا خديتها اختي اه مكديرش بحال لاسيغ وزغب مكاينوضش دغيا,hair removal machine,Positive,1
 صراحة زوينة كنديها معايا لخدمة ساهلة اي زغبة كتبان ليا كنحيدها ههه,hair removal machine,Positive,1
صراحة هادي حسن من طوندوز ولا لموس,hair removal machine,Positive,1
راني جربتها خدماتلي مزيان امكتخليش الحمورية,hair removal machine,Positive,1
لخدمة ديالها مزيانة,hair removal machine,Positive,1
شكرا على التوصيل,hair removal machine,Positive,1
شكرا,hair removal machine,Positive,1
عجباتني دغيا كتحيد شعر فلبلاصة,hair removal machine,Positive,1
من مور ما استعملت هاد لباك ديال كابيلا لي تلقاني ولا تيسولني اش درتي لشعرك حيث راه فوقت قصير خلا شعري قوي بزاف والخلفة شعر بدات تتوض من جديد، وتا ليخلي واحد لمعان خطيير وبلا ماندويو على الربحة الزوينة لي تتيخلي فالشعر.,Hair tonic,Positive,1
صراحة هاد لباك ديال كابيلا استعملتو ديا شهر وصراحة النتيجة بدات تنبان ، شعري مابقاش تيطيح ليا كيف كان بلعكس ولا قوي اكثر ، وولا شعري ديما فيه ريحة زوينة، وحتا من صحباتي لي جربوه تصدمو بشعرهم كيفاش ولا قوي...,Hair tonic,Positive,1
انا راه مع الفولار وليت تنعاني دبصح مع شعري حيث ديما تبطيح ليا جربت هاد لباك ديال كابيلا وداومت عليه دازت تقريبا شهر تصدمت مشعري بعدا حيد ليا القشرة نهاااتيا وولا شعري قوي ومابقاش كيطيح ليا كيف كان صراحة نصحكم به وداومو عليه.,Hair tonic,Positive,1
كنت كنشوف صاحبتي ديما يديها بلا شعر وكنسولها كتقول لي انا مكا دیرا تا مشيت معها الدار وبان ليا عندها معا المكياج قلبت عليه فالانستقرام و خديتو راه بزاف,hair removal ,Positive,1
كنت كنلقا مشكل فشعر تحت البطان حيث لسيغ كيدير ليا الحساسية. لحمد لله هذا هناني منو ومكينبت علي شهرين شكرا ليكم,hair removal ,Positive,1
الصراحة ف الأول كنت خايف من الفعالية ديال هذه السماعات، ولكنها فاجأتني بشكل إيجابي. البطارية تدوم طويلاً، أحسن حاجة ف الجرا و لاصال.,airpods,Positive,1
توصلت بيهم فقل من 48 ساعة ، الساعة والسماعة مزيانين والثمن تا هوا ...شكرا,airpods,Positive,1
السلام جاو فوقيتة مناسبة ...هدية لولدي فرح بيهم بزاف 👍,airpods,Positive,1
منتوجين كما في الوصف والي تعجبت منوا سرعة التوصيل,airpods,Positive,1
اول سماعة اتركها في ادني لمدة طويلة مريحة و صوتها فخم ,airpods,Positive,1
سماعة فخمة ما شاء الله  ,airpods,Positive,1
الماكينة زوينة و ساهلة هناتني من تمارة,vegetables-chopper,Positive,1
وصلتني لاكوموند في يومين سيرفيس زوين شكراا,vegetables-chopper,Positive,1
شكرا على سرهة التوصيل زوينة,vegetables-chopper,Positive,1
الله شحال غزالة حسن بزاف من الحكاكة كتسهل الخدمة وكتقتاصد فالوقت,vegetables-chopper,Positive,1
كفما شفتها كيفما وصلتني وخدما نقيا شكرا بزاف,Mixer,Positive,1
جربتها خفيفة وكتعصر دغيا ,Mixer,Positive,1
صوتها جميل وعازل للضوضاء,Mixer,Positive,1
اشتريت هذا الخلاط من فيليبس وقد حاز على اعجاب جميع افراد الاسرة لسهوله استعماله وقوة محركه وميزاته الاخرى التي تختلف عن باقي الخلاطات المعتادة فهو يحتوي على عدة برامج لخفق المكسرات والثلج والعصائر والخضار وبرنامج لخفق الكيك كل على حده ، يمكننا اختيار البرنامج اللازم من الشاشة بعد وضع المواد المراد خفقها داخل الابريق المتين ذو السعة الواسعه وهناك ايضا امكانيه لتصفية العصائر اذا اردنا الحصول على عصير صافي خال من اللب يمكننا قلب الابريق بعد العصر للتصفيه والحصول على عصير صافي ويمكن طبعا استعمال الابريق بدون المصفاة حسب نوع العصير المحضر … انصح الجميع بهذا الخلاط لقد سهل علي الكثير من اعمال المطبخ .. شكرا فيليبس ,Mixer,Positive,1
حصلت على المنتج اكتر من شهر وانا سعيدة جدا بالخلاط الخلاط نوعية عالية جدا وقوي جدا جدا لطحن الثلج وعمل الكوكتيل والعصائر ووجود الحنفية جعل المنتج أسهل خاصة مع وجود الاطفال لصب العصير مباشرة من الخلاط ، المنتج شكله جميل ومميز وممتاز لعمل كل أنواع العصير والكوكتيلات,Mixer,Positive,1
حصلت على هذا الخلاط من شهر، استخدمه تقريبا يوم بعد يوم وخاصة ان اولادي يفضلون شرب العصائر الطبيعية، له مميزات اقوى من اي خلاط استخدمته من قبل ولم اندم على شرائه,Mixer,Positive,1
اشتريت هذا المنتج منذ شهر و جدا يعيدة بهذه التجربة لانه فعلا منتج رائع و سهل,Mixer,Positive,1
لي خدا هادي عمرو يفكر يشري مولينيكس الجودة و الإتقان,Mixer,Positive,1
هناتني من تمارا ديال طياب صراحة زوينة بزف او سهلا ف غسيل,Heater,Positive,1
شكرا بزاف صراحة نفعني,Heater,Positive,1
عواشر مبروك صراحة هاد Heater زوين بزف,Heater,Positive,1
الله يعطيكم الصحة هاد العصارة هناتني من العصير فرمضان سريعة جدا,Mixer,Positive,1
هاذي 11 يوم ونا كنخدم بيهم او باقي فيهم شارج شكرا جزيلا,airpods,Positive,1
كل ليلة كندير الرقية الشرعية او كنعس عليها فلوسها حلال,airpods,Positive,1
صراحة معندي منقول تبارك الله عليكم التوصيل فالوقت و الجودة مزيانة,airpods,Positive,1
ماعندي منقول تبارك الله عليكم هميزة والجودة مزيانة مقارنة مع الثمن ,airpods,Positive,1
انا كيعجبني نسمع للموسيقى و جربت بزاف ديال السماعات و صراحة هادو احسن سماعات جربت فحياتي,airpods,Positive,1
دوزت بيهم الصيف كامل و مزال مخسروش صراحة صدموني، دبا كومونديت لختي بحالهم,airpods,Positive,1
الصوت واضح و مكيضروش فالودنين وحتى الشكل زوين كاع صحاباتي قالو ليا منين شريتيهم شكرا ليكم بزاااف,airpods,Positive,1
صراحة تهنيت من ليزيات ملي شريت هادو الصوت فيهم مزيان حتا فاش تاندوي ابيل كيسمعوني مزيان شكرا لكم,airpods,Positive,1
كنت كنتسنا ايخسرو دغيا حيت رخاص ساعا صدموني، انا يالاه شريت لراجلي بحالهم، تبارك الله عليكم,airpods,Positive,1
معندي منقول تبارك الله عليكم كملو هكا,airpods,Positive,1
 سيرفيس واعر وكتعطيو الوقت للكليان صراحة... شكرا لكم مرة أخرى,airpods,Positive,1
انا وصلاتني، صراحة واعرة,Mixer,Positive,1
انا خديتها زوينة بزاف مغاتندموش عليها,Chopper machine,Positive,1
طوب صراحة خديت جوج وحدة ليا و تانيا لماما صدقات واعرة,Chopper machine,Positive,1
والله حتى واعر انا شريتو من عندهم و عجبني واعر والله,Chopper machine,Positive,1
سلام عليكم منتوج ممتاز يفي بالغرض شكرا,Chopper machine,Positive,1
شريتو من لعام لي فات و مزال خدام ليا مزيان ودبا كومونديت لجارتنا بحالو,Chopper machine,Positive,1
تبارك الله عليكم منتج واااعر كنصحكم شتريوه,Chopper machine,Positive,1
هاهوا يالاه وصلني دبا، الله يعطيكم الصحة، لا من ناحية  الجودة ولا من ناحية التوصيل,Chopper machine,Positive,1
ماشاء الله جربتو زوين كيما الفيديو,Chopper machine,Positive,1
صراحة لكاليتي زوينة وحتا سيرفيس مزيان شكرا بزاف,Chopper machine,Positive,1
صراحة كيفما طلبتو وصلني,Chopper machine,Positive,1
شكرا ليكوم عاد وصلاتني كوموند دبا,Chopper machine,Positive,1
تستاهل الصراحة,Chopper machine,Positive,1
زوينة بزاف و التوصيل فالوقت شكرا,Chopper machine,Positive,1
الله يعطيكم الصحة,Chopper machine,Positive,1
شكرا المغرب الملكي,Chopper machine,Positive,1
خلاط واعر صراحة ياله خديتو خدام مزيان تبارك الله عليكم,Mixer,Positive,1
كا يعصر مزيان و ختاصر عليا وقت بزااف كنصحكم به,Mixer,Positive,1
خديتو زوين بزاف و توصلت به في أقل من 48 ساعة شكرا ناس كيتعاملو مزيان,Heater,Positive,1
كنوجد بيه الماكلة لولدي صغير مكاتكمل حتى دقيقة كولشي كايوجد,Heater,Positive,1
منتوج رائع ، وكايختاصر الوقت من بين أحسن المنتوجات عندكم.... شكرا لكم,Heater,Positive,1
روعة ما بقيتش كانستغنى عليه فالمطبخ ديالي و التوصيل مجااانييي,Heater,Positive,1
frying pan زوينة و عملية تقدر تستعملها فأي وقت ويكفي موقد واحد باش طيب الوجبة ديالك شكرا لكم على هاد المنتج الأكثر من راائع,frying pan,Positive,1
أول مرة كندير حلوة في البيت وطلعت روعة بفضل هالآلة صراحة واعرة,frying pan,Positive,1
هاد المنتوج كيحرق بزاف و ماكيحيدشي الشعر الصغير، حتى التمن غالي مقارنة مع الجودة ديالو,hair removal machine,Negative,1
كيتعطلو ب التوصيل دهاد المنتوج، طلبتو و ماتوصلت بيه تادازت 2 سيمانات,Mixer,Negative,1
من أسوأ المنتوجات لي جربت غير فعالة بالمرة,hair removal machine,Negative,1
منتوج فاشل لا علاقة بالثمن دغيا تهرس,Mixer,Negative,1
هاد المنتج ما كانصحش بيه حيت ما كاينش rapport qualité prix الثمن غالي مقارنة مع الكاليطي ديال داك البلاستيك,Mixer,Negative,1
 هاد البرودوي لي شراه غادي غير يضيع فلوسو حيتاش ماكاينش فرق بينو و بين الغازواغ زائد ماكايحيدش الزغبة من الجذر دونك ما كانصحش بيه,hair removal machine,Negative,1
 هد المنتوج عيان مقارنة بتمنو الغالي. وزائد مكيحيدش الشعر من الجدر بلا مضيعو فلوسكم,hair removal machine,Negative,1
مكتعصرش مزيان وكتبغي تستهدم ليمونة صغيرة ايوا والليمون الكبير كيف غادي نعصروه، ومرة مرة كدير واحد الصوت بحالا غتخسر,Mixer,Negative,1
البنات مكنصحكمش بيه راه مكيحيدش زغب مزيان و كيقصح,hair removal machine,Negative,1
شريتها و جابوها ليا مهرسة,Mixer,Negative,1
اش هاد المنتج ؟؟،قولبتوني الله ياخد فيكم الحق,Mixer,Negative,1
هاد المنتج خايب ، ماشي كيف الصور و الوصف,hair removal machine,Negative,1
يوماين باش وصلني جواب ، و بعد ما طلبت المنتج ما وصلش فالوقت المحدد,Mixer,Negative,1
ها د المنتج خديتو على أساس الكثافة ديال الشعر كتنقص مع الإستعمال ديالو ب 80% و بالضبط من بعد 6 أو 7 ديال الحصص. انا استعملتو مدة عام اكتر من 10 ديال المرات و حتى حاجة ما تبدلات من غير أن الزغبات رقاقو شوية و لكن مازالين كاينين. إلى يومنا هاذا مازالا كنستعمل إبيلاطور العادي,hair removal machine,Negative,1
 خديت هاد المنتج على أساس غدي يوصلني من مور 5 أيام، دازت 8 أيام و ما وصلني والو… تاندخل ل سيت نقلب على شي نمرة ديال خدمة العملاء و لكن ما كاينة حتى نمرة… تنعمر واحد الفوغموليغ ديال ريكلاماسيون تيوصلني إيميل تيقولو لي باللي حلو ليتيج فاش يبحتو فين وصل المنتوج و أنا دابا بغيت غير يرجعو لي فلوسي، ما بقيتش باغا المنتج و اكن ما كاين معامن تهدر!!!,Mixer,Negative,1
هاد المنتوج غير خسران ديال الفلوس و صافي، مكينقيش بمرة و كيخلي الجدورا باينين بزاف و كيولي الزغب كينوض دغيا و بفورما كفس و حرش ، آخر مرا خديتو دغيا خسر ليا,hair removal machine,Negative,1
ما كانصح حتا واحد اشري هاد المنتوج، حيت النتيجة ناقصة بزاف، ؤ دغيا كيخسر، لكاليتي والو و حتا العصير ليمون عامر بطروفة غلاض ماكيخرجش خفيف,Mixer,Negative,1
 منين نبدا؟ أول حاجة الشكل اللي فالاشهار لا علاقة بشنو تيوصلك، تتلقى الماكينة مصاوبة من پلاستيك رخيص وعيان وخفيفة تما تتحس بالتقوليبة د بصح حيتاش تتعرف باللي مفيها تا شي خاصية من ذاكشي اللي مذكور فالموقع. هاذشي بلا منهضرو عل التعطيلة فالتوصيل، 10 أيام! تقول جاية من نواكشوط ! الشفرات تاعها ماشي ماضيين وحافيين والباتري تاعها متيكملش تا نص ساعة مقادة هاذشي كامل فكوم والحكة اللي تتجيك من بعدها كوم ثاني متنصحش تا شي حد بيها، غالية على والو,hair trimmer,Negative,1
فيها غا سرعة وحدة ديال العصير وبزافت الوقت تتوحل ليا فوسط العصير وتيخصني نكمل بيدي، شي مدرناه بهاذ الحساب ومن الفوق واخا تنقيها تتقشر الپلاستيك اللي وسطها وتيخلي ريحة مهياش اللي خايف على صحتو وراحتو يبعد من هاذ المنتج غا نصبة,Mixer,Negative,1
هاد المنتج ماتيحيدش الشعر مزيان و حتى إدا حيدو كيولي ينوض حرش و الحبوب و مقارنة مع التمن ديالو مايستاهلش,hair removal machine,Negative,1
هاد المنتج غي ضياع الفلوس ماكيعصرش مزيان لو كان تعصر بيدك يخرج أحسن، ندمت لاش شريتو,Mixer,Negative,1
هاد لبرودوي كينوض لحبوب وملي جربتو دار ليا الحساسية فجلد ديالي و دار ليا بحال التهاب موافقنيش كاع و بالنسبة لسيرفيس كان عيان حيتاش موصلنيش  دغيا و بقيت كنتسنا 20 يوم ,hair removal machine,Negative,1
 هاد الماكينة كنت كنشوفها فالاشهار وقلت نشريها وملي خديتها فلول كانت مزيانة من بعد مبقاتش كتعصر مزيان وكيبقا داكشي عاقد وكيجيش عصير زوين,Mixer,Negative,1
 انا مراضياش على هاد المنتج حيت مخدامش مزيان مكيستاهلش هاد الثمن، مكنصحكمش تشريوه,hair removal machine,Negative,1
معجباتنيش لكاليتي ديال لبرودوي و عاد تعطلو باش يوصلره ليا و الثمن غالي مقارنة بلكاليتي ديالو ,Mixer,Negative,1
 هاذ المنتج مكنصح بيه حتا وحدة، فايتلي جربتو او ندمت مكيحيدش الشعر مزيان خاصة الشعيرات الصغار و عااد كينود الحبوب ورا الاستعمال ديالو.,hair removal machine,Negative,1
هاد المنتج فالحقيقة ماشي بحال الصورة ، صدق صغير بزاف,hair removal machine,Negative,1
 هاد المنتج مكيشدش لا شارج موفيز أفير رجعو ليا فلوسي,hair removal machine,Negative,1
 هاد المنتج كيخدم بالحجرة و مكتجيش معاه و ملقيتهاش فالحانوت ، تخربيقة,Mixer,Negative,1
 هاد المنتج فيه واحد الريحة لا تطاق,hair removal machine,Negative,1
هاد الماكينة ديال الحسانة ضعيفة و كاتكوانسا ايلا كان شعر بزاف,hair trimmer,Negative,1
 ما نصحكومش تاخدو هاد العصارة حيتاش جودة التصفية ناقصا,Mixer,Negative,1
 هادا المنتج كيهرس الزغبة ,hair removal machine,Negative,1
 هاد المنتج ضروري غيتكب منو العصير كان خاصو فتحة أكثر ذكاء,Mixer,Negative,1
 هاد المنتوج كايبان عملي، ولاكن كايدشرجا دغيا ف 15 دقايق، كيخصو وقت طويل باش يتشارجا. فعوض مايحيد الزغبة من الجدر غير كايهرسها ، اذن ماستفدت تاحجا. الشيئ لي سبب ليا فلتهاب جلدي.,hair removal machine,Negative,1
 مكنصحش بيه كينوض الزغبة قاصحة من بعد,hair removal machine,Negative,1
3 سيمانات باش توصلني و فلخر خسرات دغيا,Mixer,Negative,1
هاد المنتج حالتو هاد ثمن كامل على قبل ماكينة مكدوز لك حتى تحسينة وحدة بلا متقادا لشرج منتوج فاشل,hair trimmer,Negative,1
هاد المنتج افشل ماكينة شفت فحياتي فيها غا الصداع و بلا فايده نص ليمونة خصك تكمل العصر ديالها بيديك,Mixer,Negative,1
هاد المنتج ماعجباتنيش الجودة ديالو مقارنة مع الثمن، و ماكايحايد والو زائد التعامل كان ناقص بزاف ملي بغيت نشري المنتج 🙂,hair removal machine,Negative,1
هاد الآلة ماكاتعصرش الليمون مزيان كيفما كان في الإشهار، و الاستعمال ديالها ماشي عملي حيت المنتج كبير بزاف و كاياخد مساحة في الكوزينة ,Mixer,Negative,1
‏هذا المنتج  تعطل باش وصل  بقيت كنتسنا بزاف فلخر لكاليتي ناقصة,hair removal machine,Negative,1
 هاد المنتج جربتوا مكينفع ف الزغب ما تاحاجة منصحكومش بيه,hair removal machine,Negative,1
 هاد لاماشين عيانة شريتها مكطحنش مزيان 👎🏻,Mixer,Negative,1
 هاد المنتج ماكيديرش خدمتو وغير ضيعت فيه فلوسي، ماكيحيد حتى شعرة,hair removal machine,Negative,1
 ماكنصحش بهاد المنتج كخسر دغيا غير اضيعو فلوسكم مازوينش,Mixer,Negative,1
هذا المنتج ماشي في المستوى ناقص بزاف  تقدري تزيدي شوية لفلوس و تاخذي احسن,hair removal machine,Negative,1
 خديتو صراحة مزوينش كيخلي ليا الجلدة حرشة و مكيحيدش زغب مزيان,hair removal machine,Negative,1
هادي خديتها حالتها مكتعصرش مزيان,Mixer,Negative,1
 من غير التوصيل لي عندهم حالتو، راه مكتحيدش زغب كيما قالو و كتهرس الزغبة كتحايدو دبا كينوض البارح,hair removal machine,Negative,1
 مكاتعصرش مزيان و كضيع ليمونة يعني كيخص تكمل ب يديك و حتا دوك لخويطات كيصدقو هابطين مع العصير,Mixer,Negative,1
 خوتي متشريوش هادا دغيا كيديشارجا وكيجيش معا شارجور,hair trimmer,Negative,1
 سلام انا شريت هدا خدم ليا نهار اللول مزيان من موراها ولا كيتبلوكا ليا و مبقاش كيعصر ليا مزيان و كيضيع بزاف ديال ليمون,Mixer,Negative,1
 المنتج ما كي زيرش على الليمون مزيان فاش كا تحطو لداخل من حيث انه خاسك تبقا تحلو باش تورك على نص الليمونة باش يتعصر كامل,Mixer,Negative,1
 هاد المنتوج كي بدا يجرح من بعد ما كا نبدا الإبيلاج بشي 10 دقايق و كي خلي شويا   ديال زغب خارج من جدر,hair removal machine,Negative,1
 عن تجربتي الشخصية لا انصحكم نهائيا بشراء هذا الجهاز غير فعال و لا ينزع الشعر من الجذور مضيعة للمال و للوقت,hair removal machine,Negative,1
 يجب تحسين جودة هدا المنتج يتكسر بسهولة و يجب تحسين ايضا المعاملة مع الزبون كيف يعقل تأخير توصيل الطلبية اكتر من اسبوع,Mixer,Negative,1
 هاد لبرودوي خايب مكايحيد والو كمنصح حتا واحد ياخدو,hair removal machine,Negative,1
هاد لماكينة مكتعصرش مزيان و كاتبلوكا، البوطونات ديالها مشادينش فراسهم بحالا غادي يطيرو وخاص تبقا توزك بجهد باش يخدمو,Mixer,Negative,1
ضياع ديال الفلوس قهرتونا بالسلعة ديال شينوا,hair removal machine,Negative,1
ردو بالكم راه تتجرح لا خدمتي بزيرو ديالها,hair removal machine,Negative,1
وصلاتني مهرسة و كنعيط ليهم مكايجاوبونيش بغيت فلوسي,hair removal machine,Negative,1
لاحول ولا قوة الا بالله الله ياخد فيكم الحق النصابة,hair removal machine,Negative,1
خدمة العملاء عندهم زييييرو سيمانة باش يبدلو ليا الماكينة لي وصلات مهرسة,hair removal machine,Negative,1
لقيتو المغاربة حنان كتبيعو لينا الزبل خدمت بيها سيمانة وهي تخسر، خاص نديرو عليكم شي حملة,Mixer,Negative,1
الدولة خاص تتدخل كيفاش تيبيعو السلعة ديال الشينوا دغيا تتخصر بثمن غااالي لا حول ولا قوة الا بالله ,Mixer,Negative,1
أسوء تجربة دوزتها فحياتي كرهتوني نشري من الانترنت ,Mixer,Negative,1
لي بغا يضيع فلوسو يشري من عندهم ماكينة زيرو و غير كتشري من عندهم مكيبقاوش يجاوبو,Mixer,Negative,1
كتكدبو علينا فالاشهار وصلاتني صغيرة و دايرة بحال لعب عاشورا,Mixer,Negative,1
البنات متشريوهاش راه متتحيد والوووو,hair removal machine,Negative,1
شريتها دوزات عندي سيمانة و خسرات بقاو فيا غا فلوسها,Mixer,Negative,1
وصلوها ليا من بعد سيمانة وخا كاتبين التوصيل ف 24 ساعة وفلخر جربتها حالتها,hair removal machine,Negative,1
مكتعصر والو وخاص تبقا تبدل ليها الباتري كولا سيمانة شرات ليا صداع مع راجلي حيت مكانش بغاني نشريها,Mixer,Negative,1
كتخدم 15 دقيقة وكيخصك تشارجيها حسنا بكري,hair trimmer,Negative,1
لي بغا يشريها نبيعها ليه بنص الثمن خدمت بيها نهار واحد و صراحة معجباتنيش,hair trimmer,Negative,1
عنداكم تقولبو بحالي راه ماعصارة ما والو,Mixer,Negative,1
زيرو ديالها عيان و مكتصلاحش للشعر,hair trimmer,Negative,1
شريتها لراجلي خدم بيها يوماين و خسرات,hair trimmer,Negative,1
شريتها ندوز بيها رمضان باقي موصلش رمضان و خسرات الله ياخد فيكم الحق,Mixer,Negative,1
مكتشبهش للاشهار كاع فاش جات درنا فيها ليمون كبير كعما بغات تسد كتصلاح غا ليمون صغير,Mixer,Negative,1
خديت الماكينة ديا لحسانك و فاش بغيت نجربها جاتني خفيفة و كدير صداع بزاف  و دغيا كيسالي شارج,hair trimmer,Negative,1
 ماكينت العصير رونات ليا الكوزينة كاملة كتعصر و فنفس الوقت الليمون كيسيل من جناب لدرجة ضربني ضو و فيها صداع بلا فايدة,Mixer,Negative,1
 هاذ المنتج مكيحسن والو! وكينتف الشعر فاش كاتحسن به ... خاصني ديما نخليه في الشارج باش نخدم به,hair trimmer,Negative,1
 هاد العصارة فيها الصداع بزاف و كتخلي طراف ديال ليمون بدون عصر,Mixer,Negative,1
  لاعلاقة مع حقيقة، مغشوش و البطارية شبه منعدمة,hair trimmer,Negative,1
هذا المنتوج لي باغي اضيع فلوسو و صافي,airpods,Negative,1
  الباطري ديالها ماكانتش بالقوة لي كنت متوقعها و لي واصفينها بالاضافة لانها ماكاتحيدش الزغب كامل فتدويزة وحدة عكس ماكينات اخرين..,Mixer,Negative,1
 هاد المنتج لاحضت انه ماكيعصرش الليمونة كاملة فاش كانحيدها كانلقا بلي مازال فيها كاتعصر..,Mixer,Negative,1
هدا المنتج غير فعال 100٪ مكيبقاش خدام لمدة طويلة,Mixer,Negative,1
 منتج مايستاهلش التمن ديالو و ماشي كيف داير و غير مطابق للوصف و مكنصحش الزبناء بيه,Mixer,Negative,1
 جودة المنتج ناقصة بزااف و طريقة تغليف ديالو كانت ناقصة، حاولو تحسنو من الجودة,Mixer,Negative,1
 هاد البرودوي ماشي افيكاص و كيقصح مقارنة مع المنتوجات لاخرا وحتى النتيجة زيرو كيخص تبقا تعاود,hair trimmer,Negative,1
مخداماش مزيان مكتعصرش كاع الليمونة نص كنكملو بيدي، زيد عليها مكتفرقش لعضومة تاهوما كدوزهم مكنصحش بيها خصوصا سيرفيس عندهم زيرو كنعيط باش نشكي مكيجاوبونيش. نصابة حضيو راسكم,Mixer,Negative,1
 أسوأ ألة حلاقة خدمت بيها فحياتي,hair trimmer,Negative,1
 عصارة عيانة و ما تستاهلش حتى درهم!,Mixer,Negative,1
 هاد العصارة صعبة بزاف فالتنظيف و التركيب. كتجي مع بزاف دالقطع و صعيب تجميعها و تنظفها بسرعة,Mixer,Negative,1
 منتج سيئ الجودة مكنصحش بيه كيضيع كتر من النص فالليمونة و كأس العصارة صعب التركيب و كيوحل,Mixer,Negative,1
 الة حلاقة ضعيفة الجودة دغيا كديشرجا خاصك تبقا دير ليها البريز ديال الضو و تجودة الحلاقة علا قد الحال,hair trimmer,Negative,1
 لا علاقة مع تصويرة فالحقيقة صغير و مكيحيد حتا حجة مكنصح حتا واحد يشريه,hair removal machine,Negative,1
 كضيع الوقت حتاش كتعصر ثقيل,Mixer,Negative,1
 المنتج غالي بزاف و فيومين كيبدا ينود الزغب,hair removal machine,Negative,1
  كبير بزاف كيخود مساحة كبيرة ف الكوزينة,Mixer,Negative,1
 الا درتيها فالضو گغما كتعصر مزيان ضروري خاصك ديري بيديك باش يتعصر ليمون مزيان,Mixer,Negative,1
 منتوج لا علاقة,hair removal machine,Negative,1
 الا كنتي مزروبة غادا ضيع ليك الوقت,hair removal machine,Negative,1
 غالية علا والوووووووا,Mixer,Negative,1
 كتخلي ليطاش و ضروري خاص دير  كخيم,hair removal machine,Negative,1
 كينين بزاف ديال منتجات لحسن منو و رخص,hair removal machine,Negative,1
 من أحسن تمشي صالون ولا تشريها دغيا كديشارجة,hair removal machine,Negative,1
التوصيل عندهم داير بحال كونيكسيو فالمغرب بجوج تقال,Mixer,Negative,1
متخلصوش حتا توصلكم و تقلبوها انا وصلاتني مهرسة كتر من سيمانة عاد بدلوها ليا، الخدمة ديالها على قد الحال,Mixer,Negative,1
نصابة حضيو راسكم غير تتخلصوهم مكيبقاوش يجاوبوك,Mixer,Negative,1
معجباتنيش وبغيت نردها ليهم مبغاوش وموراها مبقاوش كيجاوبوني لاحول ولا قوة الا بالله,Mixer,Negative,1
لا علاااقة سلعة ديال الشينوة,hair removal machine,Negative,1
تصدمت فاش وصلاتني صغيرة وكتبقا تبلوكا وخاص تكمل بيديك باش تعصر,Mixer,Negative,1
منتج جد سيئ ماكسمعوش مزيان وجودة الصوت مازويناش ندمت علاش شريتهوم,airpods,Negative,1
هاد ليزيات كانو مزيانين وخدامين فلول مزيان ولكن من بعد سيمانة بدا صوت كيتسمع فيه التخرشيش وهادشي غا محافظة عليهم، صراحة ندمت لي خديتهم غالين علي لي ف علي اكسبريس خداتهم صاحبتي ب 15 درهم و صدقو مزيانين,airpods,Negative,1
هاد المنوج مكنصح حتا وحد يشريه حتاش ذغيا كيديشرجة,airpods,Negative,1
ما كنصحش بهاد المنتج ، تعطلو عليا بزاف فالتوصيل ، و ماشي فحال الوصف,airpods,Negative,1
خايبين صراحة مكنقدرش ندوي بيهم ابيل و الصوت ديالهم مواضحش و صغار بزاف,airpods,Negative,1
كاليتي عيانة كتحس بيهم رهاف طيحة وحدة اتهرسو و مكيشدوش فالودن اذا ساهل اطيحو و اتهرسو,airpods,Negative,1
منتج زوين و كيعصر الليمون بطريقة مزيانة ولكن كيتعطلو بزااف ف ليفريزون و حتى السيرفيس 0,Mixer,Negative,1
عيانين مكيشدوش شارج، وزيد كبار كيضرو فالودن وحتا من الصوت ماشي صافي كومونضيتهم فالابيض وجاوني فالاكحل!!,airpods,Negative,1
هاد المنتج الثمن ديالو كتر من الجودة مانصحش تشريوه,hair removal machine,Negative,1
لكاليتي ديال الصوت عيانة مصافياش المشكلة هي دغيا كيديشارجاو,airpods,Negative,1
هاد المنتج صوت ناقص و كيضر في الادنين,airpods,Negative,1
هاد لكيت مكاي شدوش فالودنين مزيان زائد أنه صوت الخارجي كاغلب على صوت الداخلي,airpods,Negative,1
سماعات دات صوت رديئ الجودة و دغيا كيخسرو,airpods,Negative,1
هاد المنتوج نقدر نقو عليه زوين من ناحية الجودة ولكن لكموند كتعطل بزززززاف باش توصلك خدمة التوصيل عندهم ناقصة بزاف.,airpods,Negative,1
صراحة الصوت فيهم زوين ولكن فيهم واحد المشكل ديال الشاارج لي كل ساعة خاصك تشارجيهم.,airpods,Negative,1
هاد ليزيات كيطيحو من الودن بسهولة و ب التالي كيضيعو ,airpods,Negative,1
هاد الكيت الشارج فيهم مزيان ولكن فالمكالمات ماكايتسمعش الصوت ديالي مزيان و ماكايعزلش الصوت,airpods,Negative,1
تجربة خيبة مع هاد الايربودس صوت فيهم عيان و نااقص و عاد زيد كول مرة كايتقطع الصوت مرة مرة و ماكاتبقاش تكونيكطا بالبلوتوت و زيدك الشارج كايخوا دغيا خاص كول مرة تشارجا مانصح تواحد يشريها,airpods,Negative,1
هادو فلول كانو مزيانين موراها وحدا رجعات كتسمه تخرشيش و لخرا صوت بعيد بزاف مكنصحكمش تشريوهم,airpods,Negative,1
ليزيات عيانين  مكيشدوش شارج بزاف أو صوت مصافيش كتبقا تسمع تخرشيش منصح بيهم تواحد,airpods,Negative,1
شريتهم سيمانة هادي خسرات ليا لودن ليسرية + لمايك كيتخرشش,airpods,Negative,1
وصلوني دغيت ولكن خايبين الصوت ضعيف و دغيا كسالي ليهم شارج منصحكمش بهاد لكيت,airpods,Negative,1
لكاليتي ديال الصوت عيانة مصافياش المشكلة هي دغيا كيديشارجاو,airpods,Negative,1
هاد المنتج صوت ناقص و كيضر في الادنين,airpods,Negative,1
هاد لكيت مكاي شدوش فالودنين مزيان زائد أنه صوت الخارجي كاغلب على صوت الداخلي,airpods,Negative,1
الصوت فيهم زوين ولكن فيهم واحد المشكل ديال الشاارج لي كل ساعة خاصك تشارجيهم.,airpods,Negative,1
هاد الماركة نااااقصة و مكيتشارجاوش دغيا,airpods,Negative,1
هاد العصارة كانت غتسبب فالموت ديالي ، كنت كنعصر حتا نقزت من بلاصتي بالضو حفضني الله من تما لحتها,Mixer,Negative,1
هادي كانت عند جارتي خيبه مكتعصرش مزيان,Mixer,Negative,1
خدمو ليا لمدة ساعة مبقاوش بغاو حتى اتشارجاو  ردو ليا رزقي بغيت فلوسي,airpods,Negative,1
نصابة شريت من عندهم هاد الكيت خدمو ليا يوماين و خسرو، صراحة بحال هدو لي كيخليوك متبقاش تشري من الانترنيت,airpods,Negative,1
ماتيقوش فالصور لي حاطين العصارة صغيرة بزاف خاص دير فيها ربع ليمونة ضيعوني ف 300 درهم الله ياخد فيهم الحق,Mixer,Negative,1
طوندوز تحسن بيها اخلاقك ايما لا عولتي على هادي باش تحسن شعرك بقيتي تما. خاص الدولة دير شي حل باش هاد النصابة ميبقاوش يديو فلوس عباد الله باطل,hair trimmer,Negative,1
بغيت غا شي واحد من مصلحة الزبناء يجاوبني!!! واش هكا كتعاملو مع الكليان ديالكم؟؟ ندمت حتا تعاملت مع هاد النصابة,hair trimmer,Negative,1
جارتي شرات وحدا غا ب 100 درهم من القيسارية وخدامة حسن من هادي لي بعتو ليا. ايلا بغيتو ضيعو فلوسكم شريو من عندهم حتى نتوما,Mixer,Negative,1
عملي وسهل الاستخدام. يدوم شحن طويلا. يزيل الشعر بشكل شبه تام. انصح به,hair removal machine,Positive,0
مكنصحش بيها,hair removal machine,Negative,0
صراحة خدامة مزيانة بزاف كتسخن مزيان دبا دوزت بيها صيف كامل و باقا مزيانة غير هو ديك لاسيغ لي كيعطيو معاها خايبة من الاحسن متستعملوهاش كاع حيت كاتبقا لاسقا فلماكينة,hair removal machine,Negative,0
لاباس بيه,hair removal machine,Positive,0
قاضية الغرض,hair removal machine,Positive,0
مقارنة بالسعر المحرك قوي خامة الصنع قوية يبدو كمنتوج بريميوم لكن بثمن بسيط بعد التجريب جميع الملحقات تعمل بشكل جيد رائع لازالةالشعر من جميع مناطق الجسم لرجال و ليس الوجه فقط متعدد الاستعمال,hair trimmer,Positive,0
ماشي داكشي لي كنت كنتسنا ولكن هانيا,hair trimmer,Negative,0
صراحة طووووب,hair trimmer,Positive,0
عملية وساهلة فلخدمة و الشارج كيشد تقريبا 90 دقيقة,hair trimmer,Positive,0
زوينة أ الاخوان لشي واحد مرة مرة يضرب بيها اللحية و يقاد الحالة أما دوك لي تايبغو يدمرو عليها راه ماتصلحش باينة غير من ثمنها المتواضع بزاف,hair trimmer,Negative,0
عيانة منصحمش بيها اخوتي غا من الثمن يبان العربون,hair trimmer,Negative,0
عمليه . تادي المطلوب,hair trimmer,Positive,0
منتج جيد و الثمن جيد,hair trimmer,Positive,0
إنه جيد,hair trimmer,Positive,0
لابأس به,hair trimmer,Negative,0
جيد جدا,hair trimmer,Positive,0
سهولة الاستعمال مع امكانية تغيير اسنان المشط,hair trimmer,Positive,0
تمكن هذه الآلة من حلاقة الشعر في زمن فيروس كورونا والحجر الصحي المنزلي الجماعي,hair trimmer,Positive,0
فلوقت,hair trimmer,Positive,0
شكرا لقد توصلت بالطلبية,hair trimmer,Positive,0
ناضيا هاد طوندوز,hair trimmer,Positive,0
هدا المنتوج سيء يجب اعطاء معلومات صحيحة على المنتوج,hair trimmer,Negative,0
جودة رديئة,hair trimmer,Negative,0
هي صالحة غير لليمون الشي لاخور لاعلاقة المشكل ديالها ماكتخدم ديريكت بالضوء ضروري تشارجا وباتري واش تيصبر او لا,Mixer,Negative,0
مخداماش مع عصير الافوكا و الحليب و غيرها من العواصر ..عملية غي مع الليمون الحامض الباربا الخ,Mixer,Negative,0
شريتها عينا ورضيتا ليهم,Mixer,Negative,0
غير صالحة تماما خاصك كل مرة الضغط على زر التشغيل باش طلع و تنزل، و متتعصرش مزيان و تتعطل بزاف تعصر باليد تكمل قبل منها.,Mixer,Negative,0
لا أنصح لا أنصح أي أحد على شراء هدا المنتج سيئ لا مقارنة ببعض المنتجات,hair trimmer,Negative,0
مابيهاش صافا,hair trimmer,Negative,0
كل ما تريد حلاقته موجود,hair trimmer,Positive,0
جيد جدا,hair trimmer,Positive,0
ماشي احسن وحدة ولكن مزيانة,hair trimmer,Positive,0
سهل الاستعمال ويتميز بشفرة حادة,hair trimmer,Positive,0
منتج فعال في حلق شعر الرأس و الذقن ايضا,hair trimmer,Positive,0
مشكل فالباتري,hair trimmer,Negative,0
منتوج جيد و سهل الاستعمال,hair trimmer,Positive,0
لا يصلح لشعر الرأس,hair trimmer,Negative,0
الة ممتازة للحلاقة شكرا جوميا,hair trimmer,Positive,0
إستعملتها لفترة لكنها لم تعد تشحن,hair trimmer,Negative,0
طوندوز مزيانة مقارنة بالثمن ديالها,hair trimmer,Positive,0
مازوينش وباراكا من الكدوب,hair trimmer,Negative,0
أكثر مما توقعت، أنصح به رغم التأخير في التوصيل,hair trimmer,Negative,0
جيد، واعجبني,hair trimmer,Positive,0
ناضية كنصح بيها,hair trimmer,Positive,0
مزيانة ولكن لمكانتش عندك اللحية بزاف واعرة,hair trimmer,Positive,0
قاضية حاجة باللحق ماشي طوب,hair trimmer,Negative,0
الدوندوس رائعة . تعمل جيدة,hair trimmer,Positive,0
لقيت فيها آثار ديال الشعر صغير . من غير هادشي خدامة مزيان,hair trimmer,Negative,0
ناقصة شوية,hair trimmer,Negative,0
يفي بالغرض,hair trimmer,Positive,0
صراحه زوين خدام مزيان مندمتش عليه خدام مزايان جاني اول مخدامش عواد رجعو ليا فلوس خديت هذا,hair trimmer,Positive,0
جودة عالية وبأسعار تنافسية في المستوى شكرآ لكم,hair trimmer,Positive,0
مزيان لشعر لي خايب فيه مفيهش زيرو اما عموما را مزيان مقارنة بثمن تاعو,hair trimmer,Positive,0
منتوج لابأس به,hair trimmer,Negative,0
انصح بها زوينة بزاااااف,hair trimmer,Positive,0
الصراحة أنيقة ومليئة بالأكسيسوارات نتمنى تكون الخدمة ديالها أنيقة كذلك,hair trimmer,Positive,0
أنصح بشراء,hair trimmer,Positive,0
مشكل في البطارية من أول يوم منتوج لم يستمر لمدة أسبوع واحد,hair trimmer,Negative,0
حاليا مفيها حتى مشكل، مزيانة، نشوفو مع الوقت واش غاتصبر,hair trimmer,Positive,0
بالنسبة للناس الذين يرغبون في حلق اللحية فهذه الآلة تحلق بمقياس 0.1 ملم ...فهي بالتالي اقرب لموس الحلاقة... المحرك قوي جدا بحيث لا يتعثر في شعر اللحية ولو كان الشعر قويا ...ربما عيبها الوحيد ان قطعة المعدن ترتفع حرارتها سريعا .. على العموم انصح بها فهي افضل بكثير من الالات المتوفرة في الاسواق بثمن بخس..,hair trimmer,Positive,0
آلة حلاقة ذات جودة عالية,hair trimmer,Positive,0
عصارة من حجم كبير وجودة رائعة,Mixer,Positive,0
مزيانة (ديال البلاستيك),Mixer,Positive,0
زوينة عملية مي كانت غادي تكون حسن كو كانت بالزجاج,Mixer,Positive,0
صغيرة و تفي بالغرض,Mixer,Positive,0
زوينة و خفيفة وخا تتهز غير كمية قليلة,Mixer,Positive,0
خفيفة و عملية وخا صغيرة,Mixer,Positive,0
واعرة خدامة ياسلام مفيهاش صداع غي هيا ادا كانت 1لتر كانت غتكون احسن,Mixer,Positive,0
منتج جيد لكن حجمه صغير,Mixer,Positive,0
وخا صغيرة مزيانة,Mixer,Positive,0
ناضية انصح بها تديها معاك فينما بغيتي,Mixer,Positive,0
لم يشتغل منتج أظن أن هناك عطل به,Mixer,Negative,0
لا تعمل للأسف كنت انتظرها بفارغ الصبر لكن بمجرد أن جربت عليها عصير الموز لم يرد أن يعمل او يعمل فقط لثواني ويتوقف قمت بشحنه طوال الوقت لكن نفس المشكلة واجهتها,Mixer,Negative,0
صغيرة جدا ليست كصورة,Mixer,Negative,0
صغيرة الحجم وقوة الدوران ضعيفة نوعا ما,Mixer,Negative,0
صغيرة وتقضي الغرض بالنسبة لشخص واحد,Mixer,Positive,0
ما بيهاش والحجم صغير على الصورة,Mixer,Negative,0
لم أجربه بعض تبدو جيدة,Mixer,Positive,0
جميل اوصي بهادا البائع,Mixer,Positive,0
وصل بعد اسبوعين رائع يعمل بشكل جيد و شكله لطيف أوصي به بشدة .,Mixer,Positive,0
منتوج جيد تسليم سريع,Mixer,Positive,0
محرك لا يعمل جيدا,Mixer,Negative,0
صغيرة وكديشارجا دغيا,Mixer,Negative,0
هي جيدة الصنع. الا حضي انا جاءت عاطلة,Mixer,Negative,0
إنه ليس عملي كما يوجد بالفديو,Mixer,Negative,0
جيد صدمت بالحجم فقط ولكنها عملية,Mixer,Positive,0
انها لا تعمل بشكل جيد ضعيفة في خلط الفاكهة تتوقف كل 6 تواني لم تعجبني,Mixer,Negative,0
زوينة مقارنة مع ثمن ديالها,Mixer,Positive,0
لاعلاقة,Mixer,Negative,0
منتوج لا يعمل ,Mixer,Positive,0
ما بيهاش تديباني بيها شي فواكه بحال لبنان شي فواكه ميكونش قاصحن,Mixer,Positive,0
لا يمكنها طحن أي شيء ضعيفة جدا منتوج تقويمه أقل من الصفر,Mixer,Negative,0
لم اتوصل بيه انا غاضب جدا,hair removal machine,Negative,0
كتحيد مزيان نشوفو واش تصبر بزاف,hair removal machine,Positive,0
المنتج وصل معطل ب 3 ايام، مزال مجربتو، كنصح بيه,hair removal machine,Negative,0
غير صالحة للاستعمال,hair removal machine,Negative,0
بعد استخدام اسبوع فهية جيدة,hair removal machine,Positive,0
منتج صغير جدا,hair removal machine,Negative,0
لديها صوت مزعج وليست جيدة,hair removal machine,Negative,0
كتقصح،صعيب تحيد شعر,hair removal machine,Negative,0
قريب جدا للوصف في الصورة,hair removal machine,Positive,0
جميل يزيل الشعر,hair removal machine,Positive,0
تعمل بشكل جيد. لكن لا تظهر ضوء لاكتمال الشحن.,hair removal machine,Negative,0
مقبول بالنسبة لسعره. (تنبيه: هذه آلة دورها قطع الشعر مثل شفرة الحلاقة وليس النتف من الجذر),hair removal machine,Positive,0
خدامة مزيااان,hair removal machine,Positive,0
لم يتم تجربتها بعد,hair removal machine,Negative,0
مثل صورة شكرا توصيل مجاني الى المغرب شكرا للبائع,hair removal machine,Positive,0
زوينة صغيرة و خفيفة و خدامة مزيان جات ف اومبالاج مقادا كولشي فيها وكتشارجا,hair removal machine,Positive,0
حبيتها زوينة مطابقة للوصف,hair removal machine,Positive,0
تشتغل بشكل جيد لكنها صغيرة لم تجرب بعد,hair removal machine,Negative,0
منتوج جميل وتوصيل سريع,hair removal machine,Positive,0
أعجبتني,hair removal machine,Positive,0
جيد ويعمل جدا,hair removal machine,Positive,0
لا بأس به,hair removal machine,Positive,0
لم اجربها بعد لكنها تبدو بجودة جيد,hair removal machine,Positive,0
منتوج م اومبالي مزيان و طاي ديالو صغيرة تقدري ديريه فصاك مكاياخدش مساحة بزاف، مزال مجربتوش,hair removal machine,Positive,0
واعر جربتو و خدم مزيان شكرا للبائع,hair removal machine,Positive,0
زوينة كومونضيتها لصاحبتي و فاش وصلات عجباتني و عاودت كومونضيتها ليا,hair removal machine,Positive,0
جاتني مكتحيد والو الوسطانية و منعرف,hair removal machine,Negative,0
جميلة لم اجربه بعد صغيرة قليلا لكن جيدة على العموم انصح بيها,hair removal machine,Positive,0
صغير و كيوت,hair removal machine,Positive,0
منتوج لا بأس به ... يحتاج لبطاريتين فقط,hair removal machine,Positive,0
توصيل سريع ومجاني شكرا للبائع وعلي اكسبريس,hair removal machine,Positive,0
منتوج جيد يعمل بالبطارية وتوصيل سريع,hair removal machine,Positive,0
جودة رديئة جداالمنتج جيد ووصلتي قبل الوقت المحدد شكرا علي اكسبريس,hair removal machine,Negative,0
لم اجربها لكن يبدو البلاستيك جودة عادية.,hair removal machine,Negative,0
توصيل سريع شكراا,hair removal machine,Positive,0
مزيانة الخوت فابور مع سبيداف,hair trimmer,Positive,0
وصل قبل الموعد شكرا للبائع,hair trimmer,Positive,0
واعرة,hair trimmer,Positive,0
منتج رائع شكراً لك,hair trimmer,Positive,0
عجبتني,hair trimmer,Positive,0
وصلو قبل الوقت والمنتجات كلها تعمل بشكل جيد شكرا,hair trimmer,Positive,0
جيدة مقارنة بالسعر ووصلت جيدة وبسرعة,hair trimmer,Positive,0
جيدة وصلت قبل الموعد و سليمة,hair trimmer,Positive,0
وصلات للمغرب ف 15 يوم بالضبط الرباط منتوج زوين bravo jac staner الفايسبوك ديالي,hair trimmer,Positive,0
مزيانة الخوت وخفيفة وصغيرة قاضية الغرض بالمزيان وغتنفع ناس لي كيسافرو ولا لي كيتريبيو الرحلات,hair trimmer,Positive,0
جميل جداا,hair trimmer,Positive,0
وصل في حالة ممتازة قبل موعد محدد,hair trimmer,Positive,0
منتوج مطابق للوصف وسرعة في الوصول في حالة جيدة لم اجربها بعد,hair trimmer,Positive,0
زوينة خودو ديال 40dh حسن فيها سنسن كبار ولكن نتمنى تحلو المشكل شركة شحن سيبداف تقيلة وصلني ف 20 يوم عكس البوسطة وصلني 12 يوم,hair trimmer,Positive,0
منتوج جميل,hair trimmer,Positive,0
ليست جيدة بما فيه الكفاية,hair trimmer,Negative,0
تنذوز ناقص و كاملوا بلاستيك، مهم مكستحقش ناخدوا واخا رخيص,hair trimmer,Negative,0
منتج دون المستوى كنت أظن اني اني فزت بآلة حلاقة لكن عندنا استلمتها وجدت غبر دلم بل مجرد لعبة اما التوصيل فشكرا على الخدمة,hair trimmer,Negative,0
لا باس بها تقدي بالغرد,hair trimmer,Positive,0
تغليف غير جيد,hair trimmer,Negative,0
جودة جيدة انصح بهذا البائع,hair trimmer,Positive,0
مكينة حلاقة ذات جودة رديئة ومصنوعة من البلاستيك,hair trimmer,Negative,0
من البلاستك,hair trimmer,Negative,0
منتجع مزيان حساب فلوسو متوقعش شي حاجة مزيانة,hair trimmer,Positive,0
جيدة والتوصيل جيد,hair trimmer,Positive,0
حجم صغير على المتوقع,hair trimmer,Negative,0
دراري تساع مشريوهاش عيانة خديت 3 وزرفت فيهم ماشي مشكل عطيوها,hair trimmer,Negative,0
لا يعمل,hair trimmer,Negative,0
غير فعال,hair trimmer,Negative,0
ليس بالجودة المتوقعة,hair trimmer,Negative,0
صغير الحجم,hair trimmer,Negative,0
يسبب جروح و الام على مستوى الابط ، غير فعال بالنسبة للابط,hair trimmer,Negative,0
آلة حلاقة مقبولة مقارنة بالثمن,hair trimmer,Positive,0
في التجربة لكن ليس كما توقعت,hair trimmer,Negative,0
الآلة صغيرة ليست كما في الصورة,hair trimmer,Negative,0
لم يصلني كما هو ليس به شاحن ومكسور,hair trimmer,Negative,0
متوسط مقارنة مع الثمن,hair trimmer,Negative,0
الصورة توضح مدى جودة الآلة في الحلق توصلت بها مكسورة,hair trimmer,Negative,0
جيد مقابل الثمن شكرا,hair trimmer,Positive,0
لا بأس مقبول لكنه ضعيف في ازالة لحي,hair trimmer,Negative,0
مزيانة مقارنة مع الثمن,hair trimmer,Positive,0
المعاملة والمنتجات رائعة,hair trimmer,Positive,0
توصلت به رائع,hair trimmer,Positive,0
رائع جودة عالية,hair trimmer,Positive,0
منتوج لابأس به للاستعمال العادي,hair trimmer,Negative,0
لم تجرب بعد لكنها تبدو جيدة و صغيرة على ما يبدو في الصورة,hair trimmer,Negative,0
لم استعملها بعد يبدو جيد,hair trimmer,Positive,0
كما هي موضحة تعمل بفاعلية ممتازة,hair trimmer,Positive,0
منتوج دو جودة رديئة,hair trimmer,Negative,0
جودة المنتج رديئه جدا ليس مثل الصوره,hair trimmer,Negative,0
ماشي هية لي فصورة حيت غي بلاستيك,hair trimmer,Negative,0
منتوج لا اوصي به,hair trimmer,Negative,0
منتوج لا يعمل رغم الشحن الكهربائي,hair trimmer,Negative,0
حقا هذه المنتوجات متل العبة لا أنصصح اي شخص بشرائها لانها لا تشتغل بكفائة فقط لعبة قمت بإسترداد اموالي بعد تجربتها لا أنصح البائع في بيع مثل هذه الأشياء في AliExpress فمثل هذه الأشياء تعيق تقدم الشركة,hair trimmer,Negative,0
المشطة المرافقة لآلة الحلاقة حجمها أكبر من الآلة الحلاقة,hair trimmer,Negative,0
لا تعمل قمت بشحنها لكن لم تشتغل,hair trimmer,Negative,0
ليست جيدة انها خفيفة,hair trimmer,Negative,0
منتوج مطابق للصورة، وكما طلبته، شكراً للبائع,hair trimmer,Positive,0
على العموم اشكر البائع على مجهوداته ولكن هذا المنتج سيء لان لیس به مصباح يظهر متى تم شحن المنتج او اذا انخفض الشحن لا يوجد به اي علامه تظهر ذلك,hair trimmer,Negative,0
المنتج وصل في حالة جيدة شكرا,hair trimmer,Positive,0
صغير وجميل و جد عملي,hair trimmer,Positive,0
جيد نسبيا,hair trimmer,Positive,0
ثمن مناسب لكن الشفرات لا تعمل جيدا,hair trimmer,Negative,0
كل شئ على احسن ما يرام,hair trimmer,Positive,0
وصول سريع ومنتوج جيدا,hair trimmer,Positive,0
منتج جيد ومفيد لقد تمت تجربته للتو وفوجئت لجودته كل الشكر والتقدير للبائع المعتمد,hair trimmer,Positive,0
واعرة بزاف كتر من داكشي لي توقعت والله,hair trimmer,Positive,0
زييييرو ناضيي والله,hair trimmer,Positive,0
لباس مقارنة مع السعر,hair trimmer,Positive,0
زوينة تماما كالصورة,hair trimmer,Positive,0
مزال ماجربتاش ولاكن مزيانة خدامة,hair trimmer,Positive,0
رائع جدا جدا و شكرا ليك,hair trimmer,Positive,0
مزيانة للشعر الخفيف,hair trimmer,Positive,0
شكراً لليقرور. الطلبية وصلت في وقت مبكر لم اجربها بعد لانها اتت بدون بطارية,hair trimmer,Positive,0
منتوج رائع يعمل جيدا و قد وصل مجانا بدون جمارك وتوصيل,hair trimmer,Positive,0
وصل في أفضل حال، لم يجرب بعد لكن على أي حال جيد,hair trimmer,Positive,0
خامات المنتج ليست جيدة تم زيادة ضريبة بدون اي سبب لا انصح بهذا البائع غير صادق في وصف المنتوج,hair trimmer,Negative,0
لم ترسل لي زيت المكينة,hair trimmer,Negative,0
السلام عليكم لقد وصلت في حالة جيدة التغليف كان ممتاز شكراً للبائع لم أجربها بعد,hair trimmer,Positive,0
مزيانة وخا صغيرة شويا,hair trimmer,Positive,0
مكينة حلاقة ممتازة وتوصيل سريع,hair trimmer,Positive,0
انها جيدة ... بالنسبة لدراري لي غادي يشريوها راه صغيرة فالحجم مكبيراش,hair trimmer,Positive,0
المنتج جميل التوصيل في الوقت,hair trimmer,Positive,0
بعد التجربة عيانة شوية وكتحس بيها فاشلة حتى جودة التصنيع نقص بزاف,hair trimmer,Negative,0
تغليف سيئ قيد التجربة,hair trimmer,Negative,0
لا يعمل بشكل صحيح لأنه يقوم بجرح الجسم بحيث يترك احمرار مما يسبب ألم في المكان الذي تحلقه,hair trimmer,Negative,0
منتوج مطابق للصورة والوصف توصلت به بسرعة، وبحالة جيدة,hair trimmer,Positive,0
ليس كما في الصورة وحتى الحلاقة,hair trimmer,Negative,0
مشكلة آلة الحلاقة أنها تعمل لكن عند استعمالها تؤثر على الجلد ويبقى هناك بعض السواد الذي لا يزول بشكل سهل بل مع مدة طويلة,hair trimmer,Negative,0
لا يعمل كما يجب,hair trimmer,Negative,0
عدم إزالت الشعر الموجود بالدقن,hair trimmer,Negative,0
منتج ضعیف و وصفه ضعیف,hair trimmer,Negative,0
ليس مثل الوصف سيء للغاية,hair trimmer,Negative,0
قلتم انها بشاحن و اكتشفت انها تعمل ب بطارية بدون شاحن ,hair trimmer,Negative,0
متوسط في الإستعمال لاكن تمن جيد,hair trimmer,Negative,0
مقرن بثمن ليس سئ,hair trimmer,Positive,0
تعمل ببطارية خارجية (حجرة),hair trimmer,Negative,0
منتجات رائعة بجودة متواضعة,hair trimmer,Positive,0
في الصور عاملين يعمل بالكابل لكن يعمل بالبطارية و في بعض الأحيان لا يعمل,hair trimmer,Negative,0
منتوج غير جيد وصلني معطل لا يريد الاشتغال لا أنصحكم به,hair trimmer,Negative,0
يأتي بدون بطارية,hair trimmer,Negative,0
وصلاتني دغيا ولكن مزال مجربتها,hair trimmer,Positive,0
منتوج جيد يحتاج الى تخفيص في ثمنه هذا المنتج يجب ان يكون ذو دقة علية في تركيبته التقنية الفريدة الهادفة,hair trimmer,Positive,0
خاصها حجرة,hair trimmer,Negative,0
اله حلاقه جميله للانف والاذن لم اجربها بعد,hair trimmer,Positive,0
متوسط مقرنة بالثمن وصلت بدون بطارية وبدون رسوم جمركية,hair trimmer,Negative,0
منتوج عملي. افضل,hair trimmer,Positive,0
توصيل سريع في 17 يوم و الجودة مناسبة مقارنة مع الثمن,hair trimmer,Positive,0
جيدة بدون جمارك وصلت مع سيبداف شكرا للبائع و علي اكسبريس وتحية للمغاربة ، حاجة لمغتر دوش ليها البال انها خصك تشري بطارية دايرة 6 دراهم بنسبة للاداء جيدة,hair trimmer,Positive,0
على العموم جميلة جدا احببتها .,hair trimmer,Positive,0
إنها صغيرة في الحجم مع عدم وجود الزيت الخاص بها,hair trimmer,Negative,0
لم يتم تجربة المنتوج بعد لكنه وصل في حالة جيدة,airpods,Positive,0
سماعات في المستوي لكن للاسف مؤخرا ارتفع ثمنها,airpods,Negative,0
مقارنة معا الثمن باش خديتهم فراهم واعرين . و تا فشارج كيصبرو غا هو الموشكيل لي لقيت هو صغير يبقاو ليا فلودن كتحس بحال ایلا كبار على الاذن,airpods,Negative,0
سماعة جيدة حصلت عليها في العرض الترحيبي,airpods,Positive,0
سماعات جميلة المضهر صوت الباص ناقص,airpods,Positive,0
جربتهم زوينين او كیشد و شارج,airpods,Positive,0
منتوج جيد وسرعة في الشحن,airpods,Positive,0
للأسف الصوت ينقطع عندما يكون الهاتف في جيبي,airpods,Negative,0
ناضيين الخوت غي زعمو عليهم هاصة ايبي كان فيهم عرض,airpods,Positive,0
زوينين بزاف بدون جمارك مع عرض choice,airpods,Positive,0
فيهم الصوت واعرین و مجهدیییین,airpods,Positive,0
حتى ها دو زوينين خدوهم على حسابي شارج تشدو,airpods,Positive,0
الصوت زوين غير فيها واحد تشويش لي عندو مشكل معاها بلا متاخدهوم,airpods,Negative,0
سلعة جيدة ولكن لا أنصحكم بشراء الآن . لأن الأثمنة مضاعفة ولا تستحق هذه الأثمنة. باي الكسبريس,airpods,Negative,0
صراحة الليزيات من ناحية البطارية وجودة الصوت ف 5/5 ولا كن خويا ولا ختي الى ما عندكش شي ودنين كبار غير بلا ما تشريهم حيتاش انا ما بغاوش يدخلولي لودني مع العلم ودني ماشي صغيرة.,airpods,Negative,0
العيب الوحيد والخطير هو انه يسبب صداع والم في الرأس,airpods,Negative,0
جميلة جدا صوتها واضح و مرتفع,airpods,Positive,0
ناضين غير تقداوهم,airpods,Positive,0
الروعة يسلام صوت صافي جدا,airpods,Positive,0
ليزيات ناضين الخوت شري بعينيك مغمضين الشحن مجاني,airpods,Positive,0
منتوج دو صوت جيد أنصح به إرسال سريع DDP,airpods,Positive,0
توقعت جودة اكثر لاكن مقارنة بالثمن جيدة,airpods,Positive,0
يوجد تاخير لاكن جوذة رائعة مقارنة بالتمن صوت رائع ,airpods,Positive,0
السماعة جميلة ونوعية جيدة والثمن جد مناسب 2.7 دولار العيب الوحيد في هذه الشحنة أنها تأخرت كثيرا مقارنة مع الشحنات الأخرى أنصح بهذا المنتوج في حالة التخفيض,airpods,Positive,0
واعرين وصوت ناضي والابعاب مزال مجربت,airpods,Positive,0
لم أجربها بعد ولكن تبدو جيدة وجودة عالية,airpods,Positive,0
الدراري ليزيات ناضين كيوصلو بلا ديوانة تسناو الثمن انزل و شريوهم,airpods,Positive,0
ممتاز ، جودة جيدة للموسيقى والمكالمات ، بالنسبة للمكالمات مقبولة جدا اما الموسيقى رائعة,airpods,Positive,0
سماعات مدهشة جميلة جدا وصوت نقي بدون جمارك,airpods,Positive,0
زوينين فالشكل والجودة العيب الوحيد هو الصوت منخفض قليلا,airpods,Positive,0
بنسبة لمغرب وصلاتني ف 13 يوم و الجودة مزيانة,airpods,Positive,0
جمييييل انصح به صوت جيد وعالي الجودة ، لكن تمن باهض,airpods,Positive,0
واعرين كنت حاكرهم صوت زوين فيهم حسن من ديال بيم كنت خديتهم بي 200 درهم,airpods,Positive,0
مبقاتش خدامة من بعد الاستعمال ديال 5 دقايق ومكاينش فعالية,hair trimmer,Negative,0
عنداكم تقولبو هاد الماكينة لا علاقة متتحسن والو غا تقولبت فيه,hair trimmer,Negative,0
منتوج مقبول مقارنة مع تمنه,hair trimmer,Positive,0
خامات الصنع ناقصة ولكن مبيهاش مقارنة بالتمن,hair trimmer,Negative,0
رديء,hair trimmer,Negative,0
مكتفينيش مزيان,hair trimmer,Negative,0
زوينة بزاف مقابل الثمن,hair trimmer,Positive,0
انها آلة جيدة رغم خيفة وزنها ولكنها ممتازة,hair trimmer,Positive,0
زيرو أدراري متشريوهاش,hair trimmer,Negative,0
تعمل لكن لا تزيل الشعر لا أنصح بتاتا بها,hair trimmer,Negative,0
جيد مناسب مع ثمنه,hair trimmer,Positive,0
ما بيهش,hair trimmer,Positive,0
شحن البطارية لا يتعدا 30 دقيقة,hair trimmer,Negative,0
منتج جيد جدا ، غير هو كياخد الوقت باش تحيد بيه جربتو على المنطويات ديالي والنتيجة كانت مزيانة,hair trimmer,Positive,0
مزيانة لا بغيتي تحيد بيها شعر ولكن متصلاحش لا بغيتي طراسي اللحية ,hair trimmer,Negative,0
كتسخن بزاف والموطور ديالها صغير بالنسبة للاداء متوسط إلى ضعيف,hair trimmer,Negative,0
مراضيش علي لبرودوي ماشي كيفما شفت فالفيديو ديالكم,hair trimmer,Negative,0
هذا الجهاز من البلاستيك غير عملي,hair trimmer,Negative,0
عادي,hair trimmer,Negative,0
منتج جيد وكيشد السارج بالاخص زيرو كيخدمو مزيان غير هو متخدموش على شعر طويل كينتف حيت عندو حديدات ممغطيينش,hair trimmer,Negative,0
الآلة صغيرة بالمقارنة مع الصور التي شاهدتها المرجو إعطاء الحجم الحقيقي للآلة في المرة المقبلة,hair trimmer,Negative,0
صفقه ممتازه بعد استعماله جيد جدا,hair trimmer,Positive,0
بالنسبة لمكينة ب 30 درهم راه مزيانة,hair trimmer,Positive,0
الاخوان را صغير على التصاور ولكن قاضي غراض,hair trimmer,Negative,0
احسن بائع الكومند وصلات ناضية وكلشي خداام,hair trimmer,Positive,0
منتوج ضعيف غير عملي,hair trimmer,Negative,0
مكنظنش غاتكون عندها فعالية قوية و لكن واخا هكاك مزيانة,hair trimmer,Negative,0
يستاهل التجربة,hair trimmer,Positive,0
زوین داكشي وصل فابور مع سبيداف بلا ديوانة داكشي ناضي كناضي,hair trimmer,Positive,0
